11926740,42500,Cars for Sale,sale,Phnom Penh,,Toyota,Hilux Rally,2020,Plate Number,,Pickup,Diesel,Auto,White,kh24,,,
11909562,12500,Cars for Sale,sale,Preah Sihanouk,,Audi,A4,2005,Tax Paper,,Convertible,Petrol,Auto,White,kh24,,,
11927775,14999,Cars for Sale,sale,Phnom Penh,,Lexus,LX470,2023,Plate Number,,SUV,LPG,Auto,Black,kh24,,,
11931775,2500,Motorcycles For Sale,,Phnom Penh,,,,,Plate Number,,,,,Black,kh24,,,
11942345,178000,Cars for Sale,sale,Phnom Penh,,Lexus,LM,2021,Tax Paper,,MPV (Minivan),Petrol,Auto,Black,kh24,,,
11945201,93000,Cars for Sale,sale,Phnom Penh,,Land Rover,Defender 110,2020,Plate Number,,,Diesel,,White,kh24,,,
11936167,35050,Cars for Sale,sale,Phnom Penh,,BMW,640i,2014,Plate Number,,Sedan,Petrol,Auto,White,kh24,,,
11748758,19900,Cars for Sale,sale,Phnom Penh,,Mazda,Mazda3,2016,Plate Number,,,,Auto,White,kh24,,,
11914410,8400,Motorcycles For Sale,,Phnom Penh,,,,,Tax Paper,,,,,Red,kh24,,,
11950961,16929,Cars for Sale,sale,Phnom Penh,,Toyota,Prius,2011,Tax Paper,,Sedan,Hybrid,Auto,Red,kh24,,,
11886143,49800,Cars for Sale,sale,Phnom Penh,,Nissan,Paladin,2025,Tax Paper,,SUV,Petrol,Auto,White,kh24,,,
11397453,40,Vehicles For Rent,,Phnom Penh,,,,,,,,Diesel,Manual,,kh24,,,
11773149,18950,Cars for Sale,sale,Phnom Penh,,Lexus,CT,2012,Tax Paper,,Hatchback,Hybrid,Auto,Gray,kh24,,,
11936795,22600,Cars for Sale,sale,Phnom Penh,,SsangYong,Tivoli,2023,Plate Number,,SUV,Petrol,Auto,White,kh24,,,
11953546,1050,Motorcycles For Sale,,Phnom Penh,,,,,Plate Number,,,,,Black,kh24,,,
11934437,20999,Cars for Sale,sale,Phnom Penh,,Lexus,LX470,2005,Plate Number,,,Petrol,Auto,White,kh24,,,
11959702,35000,Cars for Sale,sale,Kandal,,BMW,X1,2016,Plate Number,,SUV,,Auto,Blue,kh24,,,
11958599,22500,Cars for Sale,sale,Phnom Penh,,Ford,Mustang,2015,Plate Number,,Sports,Petrol,Auto,Black,kh24,,,
11935818,16850,Cars for Sale,sale,Phnom Penh,,Toyota,Prius,2010,Plate Number,,Hatchback,Hybrid,Auto,Gold,kh24,,,
11920886,103000,Cars for Sale,sale,Phnom Penh,,Lexus,LX450d,2016,Plate Number,,SUV,Diesel,Auto,Black,kh24,,,
11923234,20,Vehicles For Rent,,Phnom Penh,,,,,,,,Diesel,Manual,,kh24,,,
11875398,33800,Cars for Sale,sale,Phnom Penh,,Ford,Ranger Wildtrak,2019,Plate Number,,Pickup,Diesel,Auto,White,kh24,,,
11843339,61500,Cars for Sale,sale,Phnom Penh,,Lexus,RX450h,2016,Plate Number,,SUV,Hybrid,Auto,Black,kh24,,,
11944922,155500,Cars for Sale,sale,Phnom Penh,,Toyota,Alphard,2024,Tax Paper,,MPV (Minivan),Petrol,Auto,Black,kh24,,,
11773218,16950,Cars for Sale,sale,Phnom Penh,,Toyota,Prius,2011,Tax Paper,,Sedan,Hybrid,Auto,Gray,kh24,,,
11730886,18700,Cars for Sale,sale,Phnom Penh,,Toyota,Prius,2013,Tax Paper,,Other,Petrol,Auto,Other,kh24,,,
11837894,12650,Cars for Sale,sale,Phnom Penh,,Toyota,Prius,2008,Plate Number,,Sedan,Hybrid,Auto,White,kh24,,,
11948748,73000,Cars for Sale,sale,Phnom Penh,,Toyota,Alphard,2016,Tax Paper,,MPV (Minivan),Hybrid,Auto,Black,kh24,,,
11956017,76000,Cars for Sale,sale,Phnom Penh,,Toyota,Alphard,2017,Plate Number,,SUV,Hybrid,Auto,Black,kh24,,,
11746902,3400,Motorcycles For Sale,,Phnom Penh,,,,,Plate Number,,,,,Blue,kh24,,,
11911424,5150,Motorcycles For Sale,,Phnom Penh,,,,,Tax Paper,,,,,Gray,kh24,,,
11951819,3750,Motorcycles For Sale,,Phnom Penh,,,,,Tax Paper,,,,,White,kh24,,,
10749887,60,Vehicles For Rent,,Phnom Penh,,,,,,,,Diesel,,,kh24,,,
11954763,29666,Cars for Sale,sale,Phnom Penh,,Nissan,Navara,2020,Plate Number,,Pickup,Diesel,Auto,White,kh24,,,
11501216,300,Motorcycles For Sale,,Phnom Penh,,,,,Tax Paper,,,,,Silver,kh24,,,
11960331,26800,Cars for Sale,sale,Phnom Penh,,Toyota,Alphard,2010,Tax Paper,,MPV (Minivan),Petrol,Auto,Black,kh24,,,
11566852,3300,Cars for Sale,sale,Phnom Penh,,Hyundai,Other,2007,Tax Paper,,Other,Diesel,Auto,Blue,kh24,,,
11749177,69000,Cars for Sale,sale,Phnom Penh,,Lexus,RX350,2016,Plate Number,,SUV,Petrol,Auto,White,kh24,,,
11877447,730,Motorcycles For Sale,,Phnom Penh,,,,,Plate Number,,,,,Red,kh24,,,
11955889,880,Motorcycles For Sale,,Phnom Penh,,,,,Plate Number,,,,,Other,kh24,,,
11886321,580,Motorcycles For Sale,,Phnom Penh,,,,,Plate Number,,,,,Red,kh24,,,
11552907,400,Bicycles,,Phnom Penh,,,,,,,,,,,kh24,,,
11960327,10,Parts & Accessories,,Phnom Penh,,,,,,,,,,,kh24,,,
11665172,97000,Cars for Sale,sale,Phnom Penh,,Toyota,Alphard,2018,Tax Paper,,MPV (Minivan),Petrol,Auto,White,kh24,,,
11582188,20,Vehicles For Rent,,Phnom Penh,,,,,,,,Diesel,Manual,,kh24,,,
11887413,610,Motorcycles For Sale,,Phnom Penh,,,,,Plate Number,,,,,Other,kh24,,,
11551782,1248,Vehicles For Rent,,Phnom Penh,,,,,,,,Petrol,Auto,,kh24,,,
11960325,1450,Motorcycles For Sale,,Phnom Penh,,,,,Plate Number,,,,,Gray,kh24,,,
11776839,5600,Cars for Sale,sale,Kandal,,Kia,Morning,2008,Plate Number,,,,Auto,White,kh24,,,
11820317,21600,Cars for Sale,sale,Phnom Penh,,Toyota,Prius,2013,Tax Paper,,Hatchback,Hybrid,Auto,White,kh24,,,
11866230,485.1,Motorcycles For Sale,,Phnom Penh,,,,,Tax Paper,,,,,Blue,kh24,,,
11887965,12500,Cars for Sale,sale,Phnom Penh,,Toyota,Land Cruiser,1998,Plate Number,,,Diesel,,Black,kh24,,,
11953636,12375,Cars for Sale,sale,Phnom Penh,,Lexus,GS,2006,Plate Number,,Sedan,Petrol,Auto,Gray,kh24,,,
11872763,8900,Cars for Sale,sale,Phnom Penh,,Toyota,Prius,2006,Plate Number,,Sedan,Petrol,Auto,Green,kh24,,,
11948506,13500,Cars for Sale,sale,Phnom Penh,,Audi,Q5,2011,Plate Number,,SUV,Petrol,Auto,White,kh24,,,
11674069,5,Parts & Accessories,,Phnom Penh,,,,,,,,,,,kh24,,,
11674085,5,Parts & Accessories,,Phnom Penh,,,,,,,,,,,kh24,,,
11877141,558,Vehicles For Rent,,Phnom Penh,,,,,,,,LPG,Auto,,kh24,,,
11627272,5,Parts & Accessories,,Phnom Penh,,,,,,,,,,,kh24,,,
11951243,5500,Cars for Sale,sale,Phnom Penh,,Lexus,LS,2008,Plate Number,,SUV,Petrol,Auto,Black,kh24,,,
11867756,350,Vehicles For Rent,,Phnom Penh,,,,,,,,Petrol,Auto,,kh24,,,
11665843,32500,Cars for Sale,sale,Phnom Penh,,Jaguar,X-Type,2018,Plate Number,,Sedan,Petrol,Auto,Black,kh24,,,
11665842,49900,Cars for Sale,sale,Phnom Penh,,Ford,Explorer,2019,Plate Number,,SUV,Petrol,Auto,White,kh24,,,
11698681,3500,Motorcycles For Sale,,Phnom Penh,,,,,Tax Paper,,,,,Blue,kh24,,,
11797752,2400,Motorcycles For Sale,,Phnom Penh,,,,,Tax Paper,,,,,Green,kh24,,,
11905627,3400,Motorcycles For Sale,,Phnom Penh,,,,,Tax Paper,,,,,Red,kh24,,,
11905653,3650,Motorcycles For Sale,,Phnom Penh,,,,,Tax Paper,,,,,Gray,kh24,,,
11960317,1690,Motorcycles For Sale,,Phnom Penh,,,,,Plate Number,,,,,Black,kh24,,,
11960316,77,Parts & Accessories,,Phnom Penh,,,,,,,,,,,kh24,,,
11960312,45500,Cars for Sale,sale,Phnom Penh,,Tesla,Model 3,2024,Plate Number,,Hatchback,Electric,Auto,Black,kh24,,,
11960311,17800,Cars for Sale,sale,Phnom Penh,,Toyota,Prius,2011,Plate Number,,,,Auto,Gray,kh24,,,
11865269,80500,Cars for Sale,sale,Phnom Penh,,GAC,GN8,2024,Tax Paper,,MPV (Minivan),Petrol,Auto,Black,kh24,,,
11960310,18900,Cars for Sale,sale,Phnom Penh,,Toyota,Prius,2012,Plate Number,,Hatchback,Hybrid,Auto,Gray,kh24,,,
11937670,8800,Cars for Sale,sale,Phnom Penh,,Lexus,LX470,1998,Plate Number,,,Petrol,Auto,Black,kh24,,,
11896428,31000,Cars for Sale,sale,Phnom Penh,,Peugeot,3008,2019,Plate Number,,,,,White,kh24,,,
11471753,20500,Cars for Sale,sale,Phnom Penh,,Toyota,Prius,2012,Tax Paper,,Hatchback,Hybrid,Auto,White,kh24,,,
11710504,1050,Motorcycles For Sale,,Phnom Penh,,,,,Plate Number,,,,,Red,kh24,,,
11646513,205000,Cars for Sale,sale,Phnom Penh,,Cadillac,Escalade ESV,2022,Plate Number,,,,,Black,kh24,,,
11629699,500,Bicycles,,Phnom Penh,,,,,,,,,,,kh24,,,
11954589,20500,Cars for Sale,sale,Phnom Penh,,Toyota,Prius,2013,Tax Paper,,,,,White,kh24,,,
11888092,53888,Cars for Sale,sale,Phnom Penh,,Mercedes-Benz,S400L,2015,Plate Number,,Sedan,Petrol,Auto,White,kh24,,,
11927001,35000,Cars for Sale,sale,Phnom Penh,,Toyota,Hilux Rally,2019,Plate Number,,Pickup,Diesel,Auto,Black,kh24,,,
11770063,20200,Cars for Sale,sale,Phnom Penh,,Lexus,ES,2008,Plate Number,,Sedan,Petrol,Auto,Black,kh24,,,
11635795,18300,Cars for Sale,sale,Phnom Penh,,Toyota,Prius,2010,Tax Paper,,Hatchback,Hybrid,Auto,Gray,kh24,,,
11563377,7,Parts & Accessories,,Phnom Penh,,,,,,,,,,,kh24,,,
11788001,7,Parts & Accessories,,Phnom Penh,,,,,,,,,,,kh24,,,
11672193,11,Parts & Accessories,,Phnom Penh,,,,,,,,,,,kh24,,,
11698760,17,Parts & Accessories,,Phnom Penh,,,,,,,,,,,kh24,,,
11672194,9,Parts & Accessories,,Phnom Penh,,,,,,,,,,,kh24,,,
11950945,33000,Cars for Sale,sale,Phnom Penh,,Peugeot,Other,2012,Plate Number,,Other,Petrol,Manual,Black,kh24,,,
11829862,118500,Cars for Sale,sale,Phnom Penh,,Land Rover,Range Rover Vogue,2018,Plate Number,,SUV,Diesel,Auto,White,kh24,,,
11952195,11200,Cars for Sale,sale,Phnom Penh,,Toyota,Prius,2007,Plate Number,,Sedan,Petrol,Auto,Gold,kh24,,,
11909312,2100,Vehicles For Rent,,Phnom Penh,,,,,,,,Petrol,Auto,,kh24,,,
11552767,200,Vehicles For Rent,,Phnom Penh,,,,,,,,Petrol,Auto,,kh24,,,
11909305,1100,Vehicles For Rent,,Phnom Penh,,,,,,,,Petrol,Auto,,kh24,,,
11909321,2000,Vehicles For Rent,,Phnom Penh,,,,,,,,Petrol,Auto,,kh24,,,
11912580,14400,Cars for Sale,sale,Phnom Penh,,Toyota,Prius,2010,Tax Paper,,Sedan,Hybrid,Auto,Silver,kh24,,,
11485865,26800,Cars for Sale,sale,Phnom Penh,,Toyota,Alphard,2010,Tax Paper,,,,Auto,White,kh24,,,
11909307,700,Vehicles For Rent,,Phnom Penh,,,,,,,,Petrol,Auto,,kh24,,,
11909310,1500,Vehicles For Rent,,Phnom Penh,,,,,,,,Petrol,Auto,,kh24,,,
11909314,1150,Vehicles For Rent,,Phnom Penh,,,,,,,,Petrol,Auto,,kh24,,,
11909318,2300,Vehicles For Rent,,Phnom Penh,,,,,,,,Petrol,Auto,,kh24,,,
11909323,1400,Vehicles For Rent,,Phnom Penh,,,,,,,,Petrol,Auto,,kh24,,,
11909325,2300,Vehicles For Rent,,Phnom Penh,,,,,,,,Petrol,Auto,,kh24,,,
11345189,8700,Cars for Sale,sale,Phnom Penh,,Toyota,Prius,2005,Plate Number,,Hatchback,Hybrid,Auto,Blue,kh24,,,
11879893,17500,Cars for Sale,sale,Phnom Penh,,Toyota,Prius,2013,Tax Paper,,,,,Silver,kh24,,,
11826584,8850,Cars for Sale,sale,Banteay Meanchey,,Toyota,Prius,2005,Plate Number,,Sedan,Hybrid,Auto,Silver,kh24,,,
11419594,11700,Cars for Sale,sale,Phnom Penh,,Toyota,Prius,2008,Tax Paper,,Hatchback,Hybrid,,Silver,kh24,,,
11849816,6350,Cars for Sale,sale,Banteay Meanchey,,Kia,Morning,2010,Plate Number,,Sedan,Petrol,Auto,Gray,kh24,,,
11420914,12400,Cars for Sale,sale,Phnom Penh,,Toyota,Prius,2007,Tax Paper,,Sedan,Hybrid,Auto,Gray,kh24,,,
11931031,29800,Cars for Sale,sale,Phnom Penh,,Toyota,Highlander,2008,Plate Number,,,,,White,kh24,,,
11890663,3050,Motorcycles For Sale,,Phnom Penh,,,,,Tax Paper,,,,,Gray,kh24,,,
11960280,500,Parts & Accessories,,Phnom Penh,,,,,,,,,,,kh24,,,
11854759,1800,Others,,Phnom Penh,,,,,,,,,,,kh24,,,
11852202,4000,Vehicles For Rent,,Phnom Penh,,,,,,,,Diesel,Manual,,kh24,,,
11852214,3000,Others,,Phnom Penh,,,,,,,,,,,kh24,,,
11831259,15800,Cars for Sale,sale,Phnom Penh,,Toyota,Highlander,2003,Plate Number,,SUV,Petrol,Auto,Silver,kh24,,,
11841067,21300,Cars for Sale,sale,Phnom Penh,,Toyota,Prius,2014,Tax Paper,,Hatchback,Hybrid,Auto,White,kh24,,,
11936235,120,Motorcycles For Sale,,Battambang,,,,,Tax Paper,,,,,Red,kh24,,,
11838270,485,Motorcycles For Sale,,Phnom Penh,,,,,Plate Number,,,,,Other,kh24,,,
11960274,9300,Cars for Sale,sale,Phnom Penh,,Toyota,RAV4,2002,Plate Number,,,Petrol,Auto,Silver,kh24,,,
11835321,27900,Motorcycles For Sale,,Phnom Penh,,,,,Plate Number,,,,,White,kh24,,,
11950249,56500,Cars for Sale,sale,Phnom Penh,,Toyota,Land Cruiser,2014,Plate Number,,SUV,Diesel,Auto,Gold,kh24,,,
11891279,7700,Cars for Sale,sale,Phnom Penh,,Kia,Morning,2014,Plate Number,,Hatchback,Petrol,Auto,White,kh24,,,
11843696,1800,Motorcycles For Sale,,Phnom Penh,,,,,Tax Paper,,,,,Yellow,kh24,,,
11776710,1980,Motorcycles For Sale,,Phnom Penh,,,,,Plate Number,,,,,Red,kh24,,,
11502589,435,Vehicles For Rent,,Phnom Penh,,,,,,,,Petrol,Auto,,kh24,,,
11743334,1,Parts & Accessories,,Phnom Penh,,,,,,,,,,,kh24,,,
11876007,65555,Cars for Sale,sale,Phnom Penh,,GAC,GN8,2025,Tax Paper,,MPV (Minivan),Petrol,Auto,White,kh24,,,
11928486,17200,Cars for Sale,sale,Phnom Penh,,Toyota,Highlander,2003,Plate Number,,SUV,Petrol,Auto,White,kh24,,,
11781230,43500,Cars for Sale,sale,Phnom Penh,,Nissan,Titan,2016,Plate Number,,Pickup,Diesel,Auto,Black,kh24,,,
11833223,47500,Cars for Sale,sale,Phnom Penh,,Land Rover,Range Rover Vogue,2015,Plate Number,,SUV,Petrol,Auto,Black,kh24,,,
11820768,11800,Cars for Sale,sale,Phnom Penh,,Toyota,Highlander,2002,Plate Number,,SUV,Petrol,Auto,Blue,kh24,,,
11873680,42500,Cars for Sale,sale,Phnom Penh,,Porsche,Macan S,2015,Plate Number,,Sedan,Petrol,Auto,Black,kh24,,,
11779974,31500,Cars for Sale,sale,Phnom Penh,,Toyota,Tundra,2015,Plate Number,,Pickup,LPG,Auto,Other,kh24,,,
11884717,59500,Cars for Sale,sale,Phnom Penh,,Toyota,Alphard,2015,Tax Paper,,MPV (Minivan),Petrol,Auto,Black,kh24,,,
11932633,59500,Cars for Sale,sale,Phnom Penh,,Jeep,Rubicon,2020,Plate Number,,SUV,Petrol,Auto,Gray,kh24,,,
11934338,26500,Cars for Sale,sale,Phnom Penh,,Hyundai,H1,2019,Plate Number,,MPV (Minivan),Diesel,Auto,Black,kh24,,,
11939063,59500,Cars for Sale,sale,Phnom Penh,,Lexus,RX200T,2016,Plate Number,,SUV,Petrol,Auto,White,kh24,,,
11932617,21500,Cars for Sale,sale,Phnom Penh,,Audi,A7,2012,Plate Number,,Sedan,Petrol,Auto,White,kh24,,,
11743323,1,Parts & Accessories,,Phnom Penh,,,,,,,,,,,kh24,,,
11669479,2100,Motorcycles For Sale,,Phnom Penh,,,,,Plate Number,,,,,Silver,kh24,,,
11744347,1450,Motorcycles For Sale,,Phnom Penh,,,,,Tax Paper,,,,,Black,kh24,,,
11553404,1080,Motorcycles For Sale,,Phnom Penh,,,,,Plate Number,,,,,White,kh24,,,
11845411,2580,Motorcycles For Sale,,Phnom Penh,,,,,Tax Paper,,,,,Blue,kh24,,,
11950418,15800,Cars for Sale,sale,Phnom Penh,,Toyota,Prius,2011,Tax Paper,,Hatchback,Hybrid,Auto,White,kh24,,,
11950414,17900,Cars for Sale,sale,Phnom Penh,,Lexus,CT,2011,Plate Number,,Hatchback,Hybrid,Auto,Other,kh24,,,
11621171,12300,Cars for Sale,sale,Phnom Penh,,Toyota,Highlander,2002,Plate Number,,SUV,Petrol,Auto,Silver,kh24,,,
11923234,20,Vehicles For Rent,,Phnom Penh,,,,,,,,Diesel,Manual,,kh24,,,
11932289,27000,Cars for Sale,sale,Phnom Penh,,Lexus,IS,2016,Plate Number,,,,Auto,White,kh24,,,
11825295,25000,Cars for Sale,sale,Phnom Penh,,Chevrolet,Colorado,2018,Tax Paper,,Pickup,Diesel,Auto,White,kh24,,,
11410433,20700,Cars for Sale,sale,Phnom Penh,,Kia,Carnival,2015,Tax Paper,,MPV (Minivan),Diesel,Auto,Silver,kh24,,,
11528924,100,Vehicles For Rent,,Phnom Penh,,,,,,,,Diesel,Manual,,kh24,,,
11551818,1145,Vehicles For Rent,,Phnom Penh,,,,,,,,Diesel,Auto,,kh24,,,
11551973,85,Bicycles,,Phnom Penh,,,,,,,,,,,kh24,,,
11881729,19999,Motorcycles For Sale,,Phnom Penh,,,,,Tax Paper,,,,,Black,kh24,,,
11895538,20,Vehicles For Rent,,Phnom Penh,,,,,,,,Diesel,Manual,,kh24,,,
11928003,3200,Cars for Sale,sale,Phnom Penh,,Hyundai,Tourism - ទូរីស,2001,Plate Number,,Station Wagon,Diesel,Auto,Yellow,kh24,,,
11923593,150000,Cars for Sale,sale,Phnom Penh,,Lexus,LX570,2019,Plate Number,,SUV,Petrol,,White,kh24,,,
11375738,17800,Cars for Sale,sale,Phnom Penh,,Toyota,Tacoma,2009,Tax Paper,,,,Auto,White,kh24,,,
11388736,20,Vehicles For Rent,,Phnom Penh,,,,,,,,Diesel,Manual,,kh24,,,
11743290,15,Parts & Accessories,,Phnom Penh,,,,,,,,,,,kh24,,,
11771756,155800,Cars for Sale,sale,Phnom Penh,,Lexus,LX570,2019,Plate Number,,SUV,Petrol,Auto,Black,kh24,,,
11887460,550,Vehicles For Rent,,Phnom Penh,,,,,,,,,,,kh24,,,
11942043,12998,Cars for Sale,sale,Battambang,,Kia,Morning,2018,Tax Paper,,Hatchback,Petrol,Auto,White,kh24,,,
11306011,48888,Cars for Sale,sale,Phnom Penh,,Tesla,Model 3,2024,Tax Paper,,Sedan,Electric,Auto,White,kh24,,,
11399985,40,Vehicles For Rent,,Phnom Penh,,,,,,,,Diesel,Manual,,kh24,,,
11498114,190000,Cars for Sale,sale,Phnom Penh,,Mercedes-Benz,S-Class,2015,Tax Paper,,Sports,Petrol,Auto,Black,kh24,,,
11648230,120,Vehicles For Rent,,Phnom Penh,,,,,,,,Diesel,Auto,,kh24,,,
11752258,23800,Cars for Sale,sale,Phnom Penh,,BMW,5 Series,2012,Tax Paper,,Sedan,Petrol,Auto,Black,kh24,,,
11834148,17800,Cars for Sale,sale,Phnom Penh,,Toyota,Wigo,2024,Plate Number,,Hatchback,Petrol,Auto,White,kh24,,,
11933436,3200,Vehicles For Rent,,Svay Rieng,,,,,,,,Petrol,,,kh24,,,
11941105,64400,Cars for Sale,sale,Phnom Penh,,Lexus,LX570,2013,Plate Number,,SUV,Petrol,Auto,White,kh24,,,
11831461,25800,Cars for Sale,sale,Phnom Penh,,Toyota,Alphard,2012,Tax Paper,,MPV (Minivan),Petrol,Auto,Black,kh24,,,
11842927,10,Parts & Accessories,,Phnom Penh,,,,,,,,,,,kh24,,,
11776545,250,Parts & Accessories,,Phnom Penh,,,,,,,,,,,kh24,,,
11849015,300,Parts & Accessories,,Phnom Penh,,,,,,,,,,,kh24,,,
11896781,80,Parts & Accessories,,Phnom Penh,,,,,,,,,,,kh24,,,
11930629,35000,Cars for Sale,sale,Phnom Penh,,Lexus,RX450h,2010,Plate Number,,,Diesel,Auto,Black,kh24,,,
11905861,35,Parts & Accessories,,Phnom Penh,,,,,,,,,,,kh24,,,
11942023,30500,Cars for Sale,sale,Phnom Penh,,MG,RX5,2023,Plate Number,,SUV,Petrol,Auto,White,kh24,,,
11780529,2680,Motorcycles For Sale,,Phnom Penh,,,,,Tax Paper,,,,,Black,kh24,,,
11900998,63900,Cars for Sale,sale,Phnom Penh,,Ford,everest,2023,Plate Number,,SUV,Diesel,Auto,White,kh24,,,
11960254,17500,Cars for Sale,sale,Phnom Penh,,Lexus,RX330,2004,Plate Number,,SUV,Petrol,Auto,Gray,kh24,,,
11960253,1850,Cars for Sale,sale,Siem Reap,,Kia,Visto,2000,Plate Number,,Sedan,Petrol,Auto,Red,kh24,,,
11942005,30000,Cars for Sale,sale,Phnom Penh,,Ford,Territory,2021,Plate Number,,SUV,Petrol,Auto,Black,kh24,,,
11788259,11500,Cars for Sale,sale,Phnom Penh,,Lexus,LX470,2000,Plate Number,,SUV,Petrol,Auto,Black,kh24,,,
11897179,11500,Cars for Sale,sale,Phnom Penh,,Kia,Picanto,2022,Plate Number,,SUV,Petrol,Auto,White,kh24,,,
11897868,21500,Cars for Sale,sale,Phnom Penh,,Mazda,BT50,2013,Plate Number,,Pickup,Diesel,Auto,Gold,kh24,,,
11684297,16300,Cars for Sale,sale,Phnom Penh,,Toyota,Prius,2010,Plate Number,,SUV,Petrol,Auto,White,kh24,,,
11846437,2480,Motorcycles For Sale,,Phnom Penh,,,,,Tax Paper,,,,,White,kh24,,,
11696424,80,Vehicles For Rent,,Phnom Penh,,,,,,,,Diesel,Auto,,kh24,,,
11815461,72000,Cars for Sale,sale,Phnom Penh,,Lexus,LX570,2012,Plate Number,,SUV,Petrol,Auto,Black,kh24,,,
11941978,30500,Cars for Sale,sale,Phnom Penh,,Ford,Ranger Wildtrak,2019,Plate Number,,Pickup,Diesel,Auto,Orange,kh24,,,
11378750,35000,Cars for Sale,sale,Phnom Penh,,Lexus,NX,2015,Tax Paper,,SUV,Petrol,Auto,Black,kh24,,,
11946007,26500,Cars for Sale,sale,Phnom Penh,,Ford,Ranger Wildtrak,2015,Plate Number,,Pickup,Diesel,Auto,Black,kh24,,,
11926037,1350,Motorcycles For Sale,,Phnom Penh,,,,,Plate Number,,,,,Blue,kh24,,,
11939509,970,Motorcycles For Sale,,Phnom Penh,,,,,Plate Number,,,,,Black,kh24,,,
11931194,2090,Motorcycles For Sale,,Phnom Penh,,,,,Plate Number,,,,,White,kh24,,,
11931177,2070,Motorcycles For Sale,,Phnom Penh,,,,,Plate Number,,,,,White,kh24,,,
11937525,2090,Motorcycles For Sale,,Phnom Penh,,,,,Plate Number,,,,,White,kh24,,,
11956827,2470,Motorcycles For Sale,,Phnom Penh,,,,,Plate Number,,,,,White,kh24,,,
11676401,16954,Cars for Sale,sale,Phnom Penh,,Toyota,Prius,2011,Tax Paper,,Hatchback,Hybrid,Auto,Red,kh24,,,
11676438,16632,Cars for Sale,sale,Phnom Penh,,Toyota,Prius,2010,Tax Paper,,Hatchback,Hybrid,Auto,Silver,kh24,,,
11960245,39500,Cars for Sale,sale,Phnom Penh,,Toyota,Land Cruiser,2008,Plate Number,,SUV,Petrol,Auto,White,kh24,,,
11960243,590,Motorcycles For Sale,,Kandal,,,,,Plate Number,,,,,White,kh24,,,
11772771,1780,Motorcycles For Sale,,Phnom Penh,,,,,Plate Number,,,,,White,kh24,,,
11845726,3500,Cars for Sale,sale,Phnom Penh,,Honda,CR-V,1997,Plate Number,,,Petrol,Auto,Blue,kh24,,,
11901408,390,Motorcycles For Sale,,Siem Reap,,,,,Plate Number,,,,,White,kh24,,,
11960242,780,Motorcycles For Sale,,Phnom Penh,,,,,Plate Number,,,,,White,kh24,,,
11912444,9800,Cars for Sale,sale,Siem Reap,,Toyota,Prius,2006,Tax Paper,,Sedan,Hybrid,Auto,Gold,kh24,,,
11495673,18000,Cars for Sale,sale,Phnom Penh,,Toyota,Prius,2013,Tax Paper,,Hatchback,Hybrid,Auto,Silver,kh24,,,
11770936,22500,Cars for Sale,sale,Phnom Penh,,Toyota,Prius,2012,Tax Paper,,Hatchback,Hybrid,Auto,White,kh24,,,
11440103,13900,Cars for Sale,sale,Phnom Penh,,Toyota,Prius,2008,Tax Paper,,Hatchback,Hybrid,Auto,White,kh24,,,
11960236,750,Motorcycles For Sale,,Phnom Penh,,,,,Plate Number,,,,,White,kh24,,,
11648710,23000,Cars for Sale,sale,Phnom Penh,,Toyota,Prius,2013,Tax Paper,,SUV,Hybrid,Auto,White,kh24,,,
11549696,499,Vehicles For Rent,,Phnom Penh,,,,,,,,Petrol,Auto,,kh24,,,
11647019,13500,Cars for Sale,sale,Phnom Penh,,Toyota,Prius,2012,Plate Number,,Hatchback,Hybrid,Auto,White,kh24,,,
11759535,7500,Motorcycles For Sale,,Siem Reap,,,,,Plate Number,,,,,Blue,kh24,,,
11939799,9999,Cars for Sale,sale,Siem Reap,,Jeep,Other,1989,Plate Number,,Other,Diesel,Manual,Green,kh24,,,
11904457,1480,Motorcycles For Sale,,Phnom Penh,,,,,Plate Number,,,,,Blue,kh24,,,
11781734,10900,Cars for Sale,sale,Siem Reap,,Toyota,Prius,2007,Plate Number,,Sedan,Hybrid,Auto,Gold,kh24,,,
11933040,16200,Cars for Sale,sale,Phnom Penh,,Lexus,RX330,2004,Plate Number,,SUV,Petrol,Auto,Gold,kh24,,,
11638603,290,Bicycles,,Phnom Penh,,,,,,,,,,,kh24,,,
11931552,29999,Cars for Sale,sale,Phnom Penh,,Toyota,Alphard,2013,Plate Number,,MPV (Minivan),Petrol,Auto,White,kh24,,,
11897899,39900,Cars for Sale,sale,Phnom Penh,,Ford,Ranger Wildtrak,2022,Plate Number,,Pickup,Diesel,Auto,White,kh24,,,
11918231,46900,Cars for Sale,sale,Phnom Penh,,Ford,Ranger Wildtrak,2023,Plate Number,,Pickup,Diesel,Auto,Black,kh24,,,
11935141,12499,Cars for Sale,sale,Phnom Penh,,AIQAR,EQ1,2023,Tax Paper,,Hatchback,Electric,Auto,White,kh24,,,
11926905,12499,Cars for Sale,sale,Phnom Penh,,AIQAR,EQ1,2023,Tax Paper,,Hatchback,Electric,Auto,White,kh24,,,
11873989,32999,Cars for Sale,sale,Phnom Penh,,AIQAR,EQ7,2024,Plate Number,,SUV,Electric,Auto,White,kh24,,,
11882096,22800,Cars for Sale,sale,Phnom Penh,,Toyota,Vellfire,2008,Plate Number,,MPV (Minivan),,Auto,White,kh24,,,
11908315,12499,Cars for Sale,sale,Phnom Penh,,AIQAR,EQ1,2023,Tax Paper,,Hatchback,Electric,Auto,White,kh24,,,
11844564,34999,Cars for Sale,sale,Phnom Penh,,AIQAR,EQ7,2024,Tax Paper,,SUV,Electric,Auto,White,kh24,,,
11875958,35000,Cars for Sale,sale,Phnom Penh,,AIQAR,EQ7,2024,Plate Number,,SUV,Electric,Auto,White,kh24,,,
11873292,36999,Cars for Sale,sale,Phnom Penh,,AIQAR,EQ3,2024,Tax Paper,,SUV,Electric,Auto,White,kh24,,,
11873306,12499,Cars for Sale,sale,Phnom Penh,,AIQAR,EQ1,2023,Tax Paper,,Hatchback,Electric,Auto,White,kh24,,,
11763218,40300,Cars for Sale,sale,Phnom Penh,,Toyota,Yaris CROSS,2024,Plate Number,,SUV,Petrol,Auto,Silver,kh24,,,
11820234,18800,Cars for Sale,sale,Phnom Penh,,Toyota,Prius,2013,Tax Paper,,Hatchback,Hybrid,Auto,Green,kh24,,,
11960227,18800,Cars for Sale,sale,Phnom Penh,,Toyota,Prius,2013,Plate Number,,Sedan,Hybrid,Auto,White,kh24,,,
11955431,1699,Bicycles,,Phnom Penh,,,,,,,,,,,kh24,,,
11933849,3710,Motorcycles For Sale,,Phnom Penh,,,,,Tax Paper,,,,,White,kh24,,,
11850073,5300,Motorcycles For Sale,,Phnom Penh,,,,,Tax Paper,,,,,Gray,kh24,,,
11808879,37477,Cars for Sale,sale,Phnom Penh,,Ford,Ranger Wildtrak,2020,Plate Number,,Pickup,Diesel,Auto,White,kh24,,,
11913887,18500,Cars for Sale,sale,Phnom Penh,,Toyota,Camry,2007,Tax Paper,,SUV,Petrol,Auto,White,kh24,,,
11416029,430,Vehicles For Rent,,Phnom Penh,,,,,,,,Petrol,Auto,,kh24,,,
11824166,35,Parts & Accessories,,Phnom Penh,,,,,,,,,,,kh24,,,
11822211,700,Parts & Accessories,,Phnom Penh,,,,,,,,,,,kh24,,,
11677987,5,Parts & Accessories,,Phnom Penh,,,,,,,,,,,kh24,,,
11947758,9800,Cars for Sale,sale,Phnom Penh,,Lexus,RX300,2002,Tax Paper,,SUV,Petrol,Auto,Gray,kh24,,,
11931775,2500,Motorcycles For Sale,,Phnom Penh,,,,,Plate Number,,,,,Black,kh24,,,
11945201,93000,Cars for Sale,sale,Phnom Penh,,Land Rover,Defender 110,2020,Plate Number,,,Diesel,,White,kh24,,,
11843339,61500,Cars for Sale,sale,Phnom Penh,,Lexus,RX450h,2016,Plate Number,,SUV,Hybrid,Auto,Black,kh24,,,
11901453,13900,Cars for Sale,sale,Phnom Penh,,Toyota,Prius,2012,Tax Paper,,SUV,Hybrid,Auto,Red,kh24,,,
11892456,39200,Cars for Sale,sale,Phnom Penh,,Ford,Ranger Wildtrak,2022,Plate Number,,Pickup,Diesel,Auto,White,kh24,,,
11881033,14300,Cars for Sale,sale,Phnom Penh,,Toyota,Prius,2013,Tax Paper,,SUV,Hybrid,Auto,Silver,kh24,,,
11784325,28300,Cars for Sale,sale,Phnom Penh,,Toyota,Alphard,2014,Tax Paper,,Other,Petrol,Auto,White,kh24,,,
11902220,16900,Cars for Sale,sale,Kampong Cham,,Toyota,Hilux REVO,2011,Tax Paper,,SUV,Petrol,Auto,White,kh24,,,
11896749,1690,Motorcycles For Sale,,Siem Reap,,,,,Plate Number,,,,,Black,kh24,,,
11856054,1950,Motorcycles For Sale,,Siem Reap,,,,,Plate Number,,,,,Black,kh24,,,
11960218,18700,Cars for Sale,sale,Phnom Penh,,Toyota,Camry,2007,Plate Number,,SUV,Petrol,Auto,White,kh24,,,
11960215,8250,Cars for Sale,sale,Phnom Penh,,Nissan,Frontier,2007,Plate Number,,Pickup,Petrol,Auto,Gray,kh24,,,
11960214,22200,Cars for Sale,sale,Phnom Penh,,SsangYong,Rexton,2018,Tax Paper,,Pickup,Diesel,Auto,Gray,kh24,,,
11926906,47500,Cars for Sale,sale,Phnom Penh,,Toyota,Alphard,2015,Tax Paper,,MPV (Minivan),Petrol,Auto,White,kh24,,,
11960210,42500,Cars for Sale,sale,Phnom Penh,,BMW,X5,2014,Plate Number,,SUV,Petrol,Auto,Black,kh24,,,
11960206,6700,Cars for Sale,sale,Phnom Penh,,Lexus,RX300,2000,Plate Number,,SUV,Petrol,Auto,Green,kh24,,,
11728431,3500,Bicycles,,Phnom Penh,,,,,,,,,,,kh24,,,
11960205,22300,Cars for Sale,sale,Phnom Penh,,Kia,Carnival,2015,Tax Paper,,SUV,Diesel,Auto,Black,kh24,,,
11920055,44800,Cars for Sale,sale,Phnom Penh,,Ford,Ranger Raptor,2021,Plate Number,,Pickup,Diesel,Auto,Black,kh24,,,
11960204,15800,Cars for Sale,sale,Phnom Penh,,Toyota,Highlander,2003,Plate Number,,SUV,Petrol,Auto,Gold,kh24,,,
11960203,36500,Cars for Sale,sale,Phnom Penh,,Toyota,Fortuner,2018,Plate Number,,SUV,Petrol,Auto,Gold,kh24,,,
11860707,20,Vehicles For Rent,,Phnom Penh,,,,,,,,Diesel,Manual,,kh24,,,
11815642,2699,Motorcycles For Sale,,Phnom Penh,,,,,Tax Paper,,,,,Black,kh24,,,
11818830,200,Motorcycles For Sale,,Phnom Penh,,,,,Plate Number,,,,,White,kh24,,,
11957168,1350,Motorcycles For Sale,,Phnom Penh,,,,,Plate Number,,,,,Black,kh24,,,
11854303,9900,Cars for Sale,sale,Phnom Penh,,Toyota,Prius,2007,Plate Number,,Hatchback,Hybrid,Auto,Red,kh24,,,
11960202,42,Others,,Phnom Penh,,,,,,,,,,,kh24,,,
11960201,65800,Cars for Sale,sale,Phnom Penh,,Lexus,RX300,2016,Plate Number,,SUV,Petrol,Auto,Blue,kh24,,,
11960200,13750,Cars for Sale,sale,Phnom Penh,,Toyota,Highlander,2003,Plate Number,,SUV,Petrol,Auto,Silver,kh24,,,
11827949,15800,Cars for Sale,sale,Phnom Penh,,Toyota,Prius,2010,Tax Paper,,Hatchback,Hybrid,Auto,White,kh24,,,
11960198,26700,Cars for Sale,sale,Phnom Penh,,SsangYong,Rexton,2023,Tax Paper,,Pickup,Diesel,Auto,Gray,kh24,,,
11448750,24550,Cars for Sale,sale,Phnom Penh,,Audi,A5,2011,Plate Number,,Hatchback,Petrol,Auto,White,kh24,,,
11448749,39550,Cars for Sale,sale,Phnom Penh,,Ford,F-350 Super Duty,2020,Plate Number,,Pickup,Diesel,Auto,Gray,kh24,,,
11549721,600,Motorcycles For Sale,,Phnom Penh,,,,,Tax Paper,,,,,White,kh24,,,
11933426,18000,Cars for Sale,sale,Phnom Penh,,Lexus,RX330,2004,Plate Number,,,Petrol,Auto,Gold,kh24,,,
11862556,17700,Cars for Sale,sale,Phnom Penh,,Toyota,Prius,2012,Tax Paper,,,Hybrid,Auto,White,kh24,,,
11960194,12950,Cars for Sale,sale,Phnom Penh,,Audi,Q7,2008,Plate Number,,SUV,Petrol,Auto,Black,kh24,,,
11534688,11500,Lorries, Vans & Tractors,,Kampong Thom,,,,,,,,,,,kh24,,,
11954165,17000,Cars for Sale,sale,Phnom Penh,,Mini,MINI,2014,Plate Number,,Other,Petrol,Auto,Red,kh24,,,
11960189,3850,Cars for Sale,sale,Phnom Penh,,Kia,Morning,2004,Plate Number,,Hatchback,Petrol,Auto,Blue,kh24,,,
11752723,27800,Cars for Sale,sale,Phnom Penh,,Chevrolet,Camaro,2018,Plate Number,,Sports,Petrol,Auto,Blue,kh24,,,
11938669,28500,Cars for Sale,sale,Phnom Penh,,Ford,Mustang,2016,Plate Number,,Sedan,Petrol,Auto,Black,kh24,,,
11838624,16000,Cars for Sale,sale,Phnom Penh,,Toyota,Highlander,2002,Plate Number,,Sedan,Petrol,Auto,White,kh24,,,
11960185,2100,Bicycles,,Phnom Penh,,,,,,,,,,,kh24,,,
11960184,15500,Cars for Sale,sale,Phnom Penh,,SsangYong,Rexton,2012,Tax Paper,,Pickup,Diesel,Auto,Red,kh24,,,
11960179,15300,Cars for Sale,sale,Phnom Penh,,Toyota,Highlander,2003,Plate Number,,SUV,Petrol,Auto,White,kh24,,,
11874696,12500,Cars for Sale,sale,Phnom Penh,,BMW,I3,2014,Plate Number,,,,,White,kh24,,,
11919291,22000,Cars for Sale,sale,Phnom Penh,,Toyota,Raize,2023,Plate Number,,,,,White,kh24,,,
11590381,435,Vehicles For Rent,,Phnom Penh,,,,,,,,Petrol,Auto,,kh24,,,
11899935,2580,Motorcycles For Sale,,Phnom Penh,,,,,Tax Paper,,,,,Red,kh24,,,
11960178,40000,Cars for Sale,sale,Phnom Penh,,iCar,Other,2024,Tax Paper,,Other,Electric,Auto,Black,kh24,,,
11960176,157000,Cars for Sale,sale,Phnom Penh,,Lexus,LX570,2019,Plate Number,,SUV,Petrol,Auto,White,kh24,,,
11960174,42900,Cars for Sale,sale,Phnom Penh,,Kia,Carnival,2021,Tax Paper,,SUV,Diesel,Auto,Black,kh24,,,
11765906,19999,Cars for Sale,sale,Preah Sihanouk,,Porsche,Cayenne,2011,Plate Number,,SUV,Hybrid,Auto,Black,kh24,,,
11960171,10000,Cars for Sale,sale,Phnom Penh,,Lexus,RX300,2002,Plate Number,,SUV,Petrol,Auto,White,kh24,,,
11653035,2650,Motorcycles For Sale,,Phnom Penh,,,,,Tax Paper,,,,,White,kh24,,,
11903498,32000,Cars for Sale,sale,Phnom Penh,,Honda,CR-V,2022,Plate Number,,SUV,Petrol,Auto,Black,kh24,,,
11770943,29800,Cars for Sale,sale,Phnom Penh,,Hyundai,Tucson,2022,Plate Number,,SUV,Petrol,Auto,Gray,kh24,,,
11884900,22800,Cars for Sale,sale,Phnom Penh,,MG,GT,2022,Plate Number,,SUV,Petrol,Auto,Yellow,kh24,,,
11960168,17950,Cars for Sale,sale,Phnom Penh,,MG,ZS,2020,Plate Number,,SUV,Petrol,Auto,Red,kh24,,,
11960166,23900,Cars for Sale,sale,Phnom Penh,,Kia,Carnival,2018,Tax Paper,,SUV,Diesel,Auto,Gray,kh24,,,
11751131,990,Motorcycles For Sale,,Phnom Penh,,,,,Plate Number,,,,,Other,kh24,,,
11960161,16950,Cars for Sale,sale,Phnom Penh,,Lexus,RX330,2004,Plate Number,,SUV,Petrol,Auto,Gold,kh24,,,
11604498,21500,Cars for Sale,sale,Phnom Penh,,Toyota,Prius,2013,Tax Paper,,Hatchback,Hybrid,Auto,Gray,kh24,,,
11928999,33800,Cars for Sale,sale,Phnom Penh,,Ford,Ranger Raptor,2022,Plate Number,,Pickup,Diesel,Auto,White,kh24,,,
11947356,21500,Cars for Sale,sale,Phnom Penh,,Mazda,BT50,2014,Plate Number,,Pickup,Diesel,Auto,White,kh24,,,
11960160,400,Motorcycles For Sale,,Kampong Speu,,,,,Tax Paper,,,,,White,kh24,,,
11763164,19200,Cars for Sale,sale,Phnom Penh,,Toyota,Prius,2012,Tax Paper,,,Electric,Auto,Gray,kh24,,,
11943031,46900,Cars for Sale,sale,Phnom Penh,,Ford,Ranger Wildtrak,2023,Plate Number,,Pickup,Diesel,Auto,White,kh24,,,
11556749,1170,Motorcycles For Sale,,Phnom Penh,,,,,Plate Number,,,,,White,kh24,,,
11890344,30900,Cars for Sale,sale,Phnom Penh,,Changhe,Other,2023,Plate Number,,SUV,Petrol,Auto,Other,kh24,,,
11949803,2450,Motorcycles For Sale,,Phnom Penh,,,,,Plate Number,,,,,White,kh24,,,
11960157,21300,Cars for Sale,sale,Phnom Penh,,Kia,Carnival,2016,Tax Paper,,SUV,Diesel,Auto,Black,kh24,,,
11763943,7700,Cars for Sale,sale,Phnom Penh,,Toyota,Camry,2002,Plate Number,,Sedan,Petrol,Auto,Green,kh24,,,
11960155,10500,Cars for Sale,sale,Phnom Penh,,Lexus,RX300,2003,Tax Paper,,SUV,Petrol,Auto,Blue,kh24,,,
11805534,7500,Cars for Sale,sale,Phnom Penh,,Toyota,Vitz,2009,Plate Number,,,,,Green,kh24,,,
11960154,13600,Cars for Sale,sale,Kampong Cham,,Toyota,Tacoma,2007,Plate Number,,Pickup,Petrol,Auto,Gold,kh24,,,
11956762,18500,Cars for Sale,sale,Phnom Penh,,MG,ZS,2020,Plate Number,,SUV,Petrol,Auto,White,kh24,,,
11933402,6200,Cars for Sale,sale,Phnom Penh,,Kia,Morning,2009,Plate Number,,,Petrol,Auto,White,kh24,,,
11784846,750,Motorcycles For Sale,,Siem Reap,,,,,Plate Number,,,,,Blue,kh24,,,
11763153,17900,Cars for Sale,sale,Phnom Penh,,Toyota,Prius,2010,Tax Paper,,SUV,Hybrid,Auto,Silver,kh24,,,
11773185,12000,Cars for Sale,sale,Phnom Penh,,Toyota,Prius,2008,Tax Paper,,Sedan,Hybrid,Auto,Gold,kh24,,,
11960150,9800,Cars for Sale,sale,Phnom Penh,,Kia,Ray,2012,Tax Paper,,Sedan,Petrol,Auto,Black,kh24,,,
11960145,178888,Cars for Sale,sale,Phnom Penh,,BMW,X7,2023,Plate Number,,SUV,Petrol,Auto,White,kh24,,,
11960144,12500,Cars for Sale,sale,Phnom Penh,,Toyota,Highlander,2003,Plate Number,,SUV,Petrol,Auto,Gold,kh24,,,
11918263,12,Parts & Accessories,,Phnom Penh,,,,,,,,,,,kh24,,,
11960141,480,Motorcycles For Sale,,Phnom Penh,,,,,Plate Number,,,,,Black,kh24,,,
11960140,250,Motorcycles For Sale,,Kampong Speu,,,,,Plate Number,,,,,Gray,kh24,,,
11960138,17500,Cars for Sale,sale,Phnom Penh,,Toyota,Prius,2010,Tax Paper,,,Hybrid,Auto,Gray,kh24,,,
11856128,1390,Motorcycles For Sale,,Siem Reap,,,,,Plate Number,,,,,Black,kh24,,,
11942268,21600,Cars for Sale,sale,Phnom Penh,,Toyota,Prius,2012,Tax Paper,,Sedan,Hybrid,Auto,White,kh24,,,
11690093,1850,Motorcycles For Sale,,Siem Reap,,,,,Plate Number,,,,,Black,kh24,,,
11926829,12600,Cars for Sale,sale,Phnom Penh,,Toyota,Vitz,2016,Tax Paper,,Sedan,Petrol,Auto,White,kh24,,,
11960137,25800,Cars for Sale,sale,Phnom Penh,,BYD,Other,2024,Tax Paper,,SUV,Electric,Auto,White,kh24,,,
11863837,12800,Cars for Sale,sale,Phnom Penh,,Toyota,Prius,2008,Tax Paper,,Sedan,Hybrid,Auto,White,kh24,,,
11960133,9900,Cars for Sale,sale,Phnom Penh,,Kia,Morning,2016,Tax Paper,,Sedan,Petrol,Auto,White,kh24,,,
11954147,18568,Cars for Sale,sale,Phnom Penh,,Toyota,Land Cruiser,2004,Plate Number,,SUV,Diesel,Manual,White,kh24,,,
11938697,6700,Cars for Sale,sale,Kampong Cham,,Toyota,Camry,2000,Plate Number,,Sedan,Petrol,Auto,Silver,kh24,,,
11826241,189500,Cars for Sale,sale,Phnom Penh,,Toyota,Tundra,2008,Plate Number,,,Petrol,Auto,Gray,kh24,,,
11917395,26900,Cars for Sale,sale,Phnom Penh,,Lexus,HS,2010,Tax Paper,,Sedan,Hybrid,Auto,Silver,kh24,,,
11800337,11800,Cars for Sale,sale,Phnom Penh,,Kia,Ray,2015,Tax Paper,,SUV,Petrol,Auto,White,kh24,,,
11959702,35000,Cars for Sale,sale,Kandal,,BMW,X1,2016,Plate Number,,SUV,,Auto,Blue,kh24,,,
11953546,1050,Motorcycles For Sale,,Phnom Penh,,,,,Plate Number,,,,,Black,kh24,,,
11955184,3700,Cars for Sale,sale,Kampong Speu,,Toyota,Corolla,1999,Plate Number,,Sedan,Petrol,Auto,Blue,kh24,,,
11911773,14400,Cars for Sale,sale,Phnom Penh,,Kia,Morning,2021,Plate Number,,SUV,Petrol,Auto,White,kh24,,,
11800351,10800,Cars for Sale,sale,Phnom Penh,,Kia,Ray,2013,Tax Paper,,SUV,Petrol,Auto,Green,kh24,,,
11800363,11800,Cars for Sale,sale,Phnom Penh,,Kia,Ray,2015,Tax Paper,,SUV,Petrol,Auto,Green,kh24,,,
11787109,13900,Cars for Sale,sale,Phnom Penh,,Toyota,Camry,2007,Plate Number,,,Hybrid,Auto,White,kh24,,,
11800321,12000,Cars for Sale,sale,Phnom Penh,,Kia,Ray,2016,Tax Paper,,SUV,Petrol,Auto,White,kh24,,,
11800302,11500,Cars for Sale,sale,Phnom Penh,,Kia,Ray,2014,Tax Paper,,SUV,Petrol,Auto,White,kh24,,,
11726571,1750,Motorcycles For Sale,,Phnom Penh,,,,,Tax Paper,,,,,White,kh24,,,
11887942,480,Motorcycles For Sale,,Phnom Penh,,,,,Plate Number,,,,,White,kh24,,,
11960130,69800,Cars for Sale,sale,Phnom Penh,,Toyota,Alphard,2019,Tax Paper,,MPV (Minivan),Petrol,Auto,Black,kh24,,,
11933866,15800,Cars for Sale,sale,Phnom Penh,,Toyota,Land Cruiser,2008,Plate Number,,SUV,Petrol,Auto,Gold,kh24,,,
11960128,89999,Cars for Sale,sale,Phnom Penh,,BMW,X4 M,2023,Plate Number,,SUV,Petrol,Auto,White,kh24,,,
11956549,4999,Cars for Sale,sale,Phnom Penh,,Kia,Morning,2008,Plate Number,,,,,Black,kh24,,,
11956528,8300,Cars for Sale,sale,Phnom Penh,,Kia,Ray,2014,Tax Paper,,,,,Beige,kh24,,,
11960125,23900,Cars for Sale,sale,Phnom Penh,,Kia,Carnival,2018,Tax Paper,,SUV,Diesel,Auto,Gray,kh24,,,
11936351,14800,Cars for Sale,sale,Phnom Penh,,Toyota,Prius,2011,Tax Paper,,SUV,Hybrid,Auto,Gray,kh24,,,
11945569,49800,Cars for Sale,sale,Phnom Penh,,Nissan,Terra,2023,Plate Number,,SUV,Diesel,Auto,White,kh24,,,
11936356,15300,Cars for Sale,sale,Phnom Penh,,Toyota,Prius,2013,Tax Paper,,SUV,Hybrid,Auto,Gray,kh24,,,
11936360,14900,Cars for Sale,sale,Phnom Penh,,Toyota,Prius,2013,Tax Paper,,SUV,Hybrid,Auto,Gray,kh24,,,
11936366,16500,Cars for Sale,sale,Phnom Penh,,Toyota,Prius,2012,Tax Paper,,SUV,Hybrid,Auto,Green,kh24,,,
11936371,15800,Cars for Sale,sale,Phnom Penh,,Toyota,Prius,2013,Tax Paper,,SUV,Hybrid,Auto,Silver,kh24,,,
11950204,16900,Cars for Sale,sale,Phnom Penh,,Toyota,Prius,2012,Tax Paper,,SUV,Hybrid,Auto,White,kh24,,,
11950214,16200,Cars for Sale,sale,Phnom Penh,,Toyota,Prius,2012,Tax Paper,,SUV,,Auto,White,kh24,,,
11878079,16200,Cars for Sale,sale,Phnom Penh,,Toyota,Prius,2012,Tax Paper,,SUV,Hybrid,Auto,White,kh24,,,
11814418,14800,Cars for Sale,sale,Phnom Penh,,Toyota,Prius,2012,Tax Paper,,SUV,Hybrid,Auto,Black,kh24,,,
11960122,18300,Cars for Sale,sale,Phnom Penh,,Toyota,Prius,2012,Tax Paper,,,Hybrid,Auto,White,kh24,,,
11956190,4500,Cars for Sale,sale,Banteay Meanchey,,Toyota,Camry,1999,Plate Number,,Sedan,,Auto,Black,kh24,,,
11960119,7500,Cars for Sale,sale,Phnom Penh,,Lexus,RX300,1999,Plate Number,,SUV,Petrol,Auto,White,kh24,,,
11868496,1280,Motorcycles For Sale,,Phnom Penh,,,,,Plate Number,,,,,White,kh24,,,
11952801,15500,Cars for Sale,sale,Phnom Penh,,Lexus,RX330,2003,Plate Number,,SUV,Petrol,Auto,Black,kh24,,,
11960117,16800,Cars for Sale,sale,Phnom Penh,,Toyota,Prius,2012,Tax Paper,,SUV,Hybrid,Auto,White,kh24,,,
11956488,7200,Cars for Sale,sale,Phnom Penh,,Toyota,Tacoma,2002,Plate Number,,,Petrol,Auto,Red,kh24,,,
11822261,20,Vehicles For Rent,,Phnom Penh,,,,,,,,Diesel,Manual,,kh24,,,
11423296,50,Vehicles For Rent,,Phnom Penh,,,,,,,,Petrol,Auto,,kh24,,,
11551821,1148,Vehicles For Rent,,Phnom Penh,,,,,,,,Diesel,Auto,,kh24,,,
11773229,430,Vehicles For Rent,,Phnom Penh,,,,,,,,,Auto,,kh24,,,
11789753,20,Vehicles For Rent,,Phnom Penh,,,,,,,,Diesel,Manual,,kh24,,,
11833606,24800,Cars for Sale,sale,Phnom Penh,,Toyota,Alphard,2012,Tax Paper,,MPV (Minivan),Petrol,Auto,White,kh24,,,
11710338,8800,Cars for Sale,sale,Tboung Khmum,,Toyota,Camry,2002,Plate Number,,,Petrol,Auto,Silver,kh24,,,
11870440,53000,Cars for Sale,sale,Phnom Penh,,Land Rover,Range Rover Vogue,2016,Plate Number,,SUV,Diesel,Auto,Black,kh24,,,
11920083,147800,Cars for Sale,sale,Phnom Penh,,Lexus,LX570,2019,Plate Number,,SUV,Petrol,Auto,White,kh24,,,
11571395,36500,Cars for Sale,sale,Phnom Penh,,Chevrolet,Trailblazer,2024,Tax Paper,,SUV,Petrol,Auto,White,kh24,,,
11922629,44500,Cars for Sale,sale,Phnom Penh,,Toyota,Hilux Rally,2021,Plate Number,,Pickup,Diesel,Auto,White,kh24,,,
11480654,71900,Cars for Sale,sale,Phnom Penh,,Hyundai,Santa Fe,2025,Tax Paper,,SUV,Petrol,Auto,Brown,kh24,,,
11920982,1680,Motorcycles For Sale,,Phnom Penh,,,,,Plate Number,,,,,Red,kh24,,,
11419455,370,Vehicles For Rent,,Phnom Penh,,,,,,,,Petrol,Auto,,kh24,,,
11582549,22800,Cars for Sale,sale,Phnom Penh,,Toyota,Prius,2012,Tax Paper,,Sedan,Hybrid,Auto,White,kh24,,,
11820158,16900,Cars for Sale,sale,Phnom Penh,,Toyota,Camry,2007,Plate Number,,,Hybrid,Auto,White,kh24,,,
11462050,650,Motorcycles For Sale,,Phnom Penh,,,,,Plate Number,,,,,White,kh24,,,
11910951,14200,Cars for Sale,sale,Phnom Penh,,Toyota,Highlander,2002,Plate Number,,SUV,Petrol,Auto,Silver,kh24,,,
11960109,25800,Cars for Sale,sale,Phnom Penh,,BYD,Other,2024,Tax Paper,,SUV,Electric,Auto,Other,kh24,,,
11960108,19300,Cars for Sale,sale,Phnom Penh,,Toyota,Prius,2013,Tax Paper,,,Hybrid,Auto,White,kh24,,,
11665436,1700,Motorcycles For Sale,,Phnom Penh,,,,,Plate Number,,,,,Other,kh24,,,
11399697,40,Vehicles For Rent,,Phnom Penh,,,,,,,,Diesel,Manual,,kh24,,,
11900688,10500,Cars for Sale,sale,Preah Sihanouk,,Toyota,Prius,2007,Plate Number,,,,Auto,White,kh24,,,
11931626,3500,Cars for Sale,sale,Pursat,,Toyota,RAV4,1997,Plate Number,,Other,Petrol,Auto,Silver,kh24,,,
11960107,62800,Cars for Sale,sale,Phnom Penh,,Ford,Ranger Raptor,2023,Plate Number,,,,Auto,White,kh24,,,
11960104,8750,Cars for Sale,sale,Phnom Penh,,Toyota,Prius,2006,Plate Number,,Sedan,Hybrid,Auto,Red,kh24,,,
11802921,18000,Cars for Sale,sale,Phnom Penh,,Hyundai,Starex,2016,Tax Paper,,MPV (Minivan),Diesel,Auto,Gray,kh24,,,
11912127,38000,Cars for Sale,sale,Phnom Penh,,Hyundai,Staria,2022,Tax Paper,,MPV (Minivan),Diesel,Auto,Gold,kh24,,,
11931466,25500,Cars for Sale,sale,Phnom Penh,,Toyota,Prius,2016,Tax Paper,,Other,Hybrid,Auto,White,kh24,,,
11882321,16000,Cars for Sale,sale,Phnom Penh,,Toyota,Highlander,2006,Plate Number,,SUV,Petrol,Auto,Silver,kh24,,,
11498253,220,Parts & Accessories,,Phnom Penh,,,,,,,,,,,kh24,,,
11883200,56500,Cars for Sale,sale,Phnom Penh,,Toyota,Land Cruiser,2013,Plate Number,,SUV,Petrol,Auto,White,kh24,,,
11956713,57500,Cars for Sale,sale,Phnom Penh,,Mercedes-Benz,S400L,2015,Plate Number,,Sedan,Petrol,Auto,Black,kh24,,,
11960098,18700,Cars for Sale,sale,Phnom Penh,,Toyota,Prius,2014,Tax Paper,,Sedan,Hybrid,Auto,White,kh24,,,
11960096,10300,Cars for Sale,sale,Phnom Penh,,Toyota,Prius,2006,Plate Number,,Sports,Hybrid,Auto,White,kh24,,,
11960095,35800,Cars for Sale,sale,Phnom Penh,,Lexus,NX,2015,Tax Paper,,SUV,Petrol,Auto,Black,kh24,,,
11907370,800,Motorcycles For Sale,,Siem Reap,,,,,Plate Number,,,,,White,kh24,,,
11944164,2350,Motorcycles For Sale,,Phnom Penh,,,,,Tax Paper,,,,,White,kh24,,,
11927104,600,Motorcycles For Sale,,Phnom Penh,,,,,Plate Number,,,,,Yellow,kh24,,,
11960092,44000,Cars for Sale,sale,Phnom Penh,,Kia,EV5,2025,Tax Paper,,SUV,Electric,Auto,Black,kh24,,,
11671629,870,Motorcycles For Sale,,Phnom Penh,,,,,Plate Number,,,,,White,kh24,,,
11960090,40,Parts & Accessories,,Phnom Penh,,,,,,,,,,,kh24,,,
11960089,7700,Cars for Sale,sale,Phnom Penh,,Toyota,Prius,2006,Plate Number,,,,Auto,Silver,kh24,,,
11909760,25800,Cars for Sale,sale,Phnom Penh,,Toyota,Alphard,2012,Tax Paper,,Other,Petrol,Auto,White,kh24,,,
11923586,25800,Cars for Sale,sale,Phnom Penh,,Toyota,Alphard,2012,Tax Paper,,MPV (Minivan),Petrol,Auto,White,kh24,,,
11815092,26500,Cars for Sale,sale,Phnom Penh,,Toyota,Alphard,2010,Tax Paper,,MPV (Minivan),Petrol,Auto,White,kh24,,,
11925576,26800,Cars for Sale,sale,Phnom Penh,,Toyota,Alphard,2013,Tax Paper,,MPV (Minivan),Petrol,Auto,White,kh24,,,
11909794,24300,Cars for Sale,sale,Phnom Penh,,Toyota,Alphard,2010,Tax Paper,,MPV (Minivan),Petrol,Auto,Black,kh24,,,
11953323,37000,Cars for Sale,sale,Phnom Penh,,Mazda,EZ-6,2024,Tax Paper,,Other,Electric,Auto,Black,kh24,,,
11948313,24300,Cars for Sale,sale,Phnom Penh,,Toyota,Alphard,2010,Tax Paper,,Other,Petrol,Auto,White,kh24,,,
11937458,49800,Cars for Sale,sale,Phnom Penh,,Toyota,Alphard,2015,Tax Paper,,Other,Petrol,Auto,Black,kh24,,,
11833143,26500,Cars for Sale,sale,Phnom Penh,,Toyota,Alphard,2010,Tax Paper,,MPV (Minivan),Petrol,Auto,White,kh24,,,
11952476,36500,Cars for Sale,sale,Phnom Penh,,BYD,Song Plus,2024,Tax Paper,,SUV,Electric,Auto,Gray,kh24,,,
11912243,16900,Cars for Sale,sale,Phnom Penh,,Toyota,Prius,2011,Plate Number,,Sedan,Hybrid,Auto,Gray,kh24,,,
11568217,250,Parts & Accessories,,Phnom Penh,,,,,,,,,,,kh24,,,
11934521,17300,Cars for Sale,sale,Phnom Penh,,Toyota,Prius,2010,Plate Number,,,Petrol,Auto,White,kh24,,,
11538710,399,Vehicles For Rent,,Phnom Penh,,,,,,,,Petrol,Auto,,kh24,,,
11921428,4.46,Maintenance & Repair,,Phnom Penh,,,,,,,,,,,kh24,,,
11921373,4.21,Maintenance & Repair,,Phnom Penh,,,,,,,,,,,kh24,,,
11921476,3.75,Maintenance & Repair,,Phnom Penh,,,,,,,,,,,kh24,,,
11921503,3.19,Maintenance & Repair,,Phnom Penh,,,,,,,,,,,kh24,,,
11956451,11300,Cars for Sale,sale,Phnom Penh,,Toyota,Camry,2002,Plate Number,,,Petrol,Auto,White,kh24,,,
11921558,3.7,Maintenance & Repair,,Phnom Penh,,,,,,,,,,,kh24,,,
11887972,5200,Cars for Sale,sale,Phnom Penh,,Honda,CR-V,1999,Plate Number,,Other,Petrol,Auto,Silver,kh24,,,
11887496,14800,Cars for Sale,sale,Phnom Penh,,Toyota,Tacoma,2005,Plate Number,,Other,Petrol,Auto,White,kh24,,,
11935387,4.21,Maintenance & Repair,,Phnom Penh,,,,,,,,,,,kh24,,,
11935406,4.97,Maintenance & Repair,,Phnom Penh,,,,,,,,,,,kh24,,,
11935412,2.66,Maintenance & Repair,,Phnom Penh,,,,,,,,,,,kh24,,,
11946375,16800,Cars for Sale,sale,Phnom Penh,,Toyota,Prius,2011,Tax Paper,,Sedan,Hybrid,Auto,Silver,kh24,,,
11549128,22500,Cars for Sale,sale,Phnom Penh,,Lexus,HS,2010,Tax Paper,,Sedan,Hybrid,Auto,Silver,kh24,,,
11935824,39500,Cars for Sale,sale,Kampong Speu,,Ford,Territory,2023,Plate Number,,SUV,Petrol,Auto,White,kh24,,,
11956017,76000,Cars for Sale,sale,Phnom Penh,,Toyota,Alphard,2017,Plate Number,,SUV,Hybrid,Auto,Black,kh24,,,
11937097,2.87,Maintenance & Repair,,Phnom Penh,,,,,,,,,,,kh24,,,
11935501,5.75,Maintenance & Repair,,Phnom Penh,,,,,,,,,,,kh24,,,
11960084,80,Parts & Accessories,,Phnom Penh,,,,,,,,,,,kh24,,,
11950869,9800,Cars for Sale,sale,Battambang,,Toyota,Camry,2002,Plate Number,,,,Auto,Silver,kh24,,,
11952422,9750,Cars for Sale,sale,Battambang,,Toyota,Camry,2002,Plate Number,,,,Auto,Silver,kh24,,,
11617141,180,Parts & Accessories,,Phnom Penh,,,,,,,,,,,kh24,,,
11499597,39000,Cars for Sale,sale,Phnom Penh,,Land Rover,Range Rover Vogue,2014,Plate Number,,SUV,Diesel,Auto,Black,kh24,,,
11770097,9500,Cars for Sale,sale,Phnom Penh,,Kia,Morning,2013,Tax Paper,,,Petrol,Auto,Black,kh24,,,
11960080,500,Motorcycles For Sale,,Siem Reap,,,,,Plate Number,,,,,Blue,kh24,,,
11895876,777,Motorcycles For Sale,,Phnom Penh,,,,,Plate Number,,,,,Black,kh24,,,
11876483,1250,Motorcycles For Sale,,Phnom Penh,,,,,Plate Number,,,,,Black,kh24,,,
11948753,790,Motorcycles For Sale,,Phnom Penh,,,,,Plate Number,,,,,White,kh24,,,
11960078,1820,Motorcycles For Sale,,Phnom Penh,,,,,Plate Number,,,,,White,kh24,,,
11883678,15900,Cars for Sale,sale,Phnom Penh,,Toyota,Camry,2011,Plate Number,,,Petrol,Auto,Gold,kh24,,,
11911673,650,Motorcycles For Sale,,Phnom Penh,,,,,Plate Number,,,,,Black,kh24,,,
11960076,23900,Cars for Sale,sale,Kampong Cham,,Ford,Mustang,2015,Plate Number,,,,Auto,Black,kh24,,,
11960075,35800,Cars for Sale,sale,Phnom Penh,,Land Rover,Range Rover Vogue,2013,Plate Number,,SUV,Diesel,Auto,Black,kh24,,,
11840766,23900,Cars for Sale,sale,Phnom Penh,,Toyota,Alphard,2010,Tax Paper,,MPV (Minivan),Petrol,Auto,White,kh24,,,
11835375,18900,Cars for Sale,sale,Phnom Penh,,Toyota,Prius,2010,Tax Paper,,Sedan,Hybrid,Auto,Gray,kh24,,,
11960070,18500,Cars for Sale,sale,Phnom Penh,,BMW,X6,2011,Plate Number,,Sedan,Petrol,Auto,Black,kh24,,,
11946695,850,Bicycles,,Phnom Penh,,,,,,,,,,,kh24,,,
11814733,1299.99,Motorcycles For Sale,,Phnom Penh,,,,,Plate Number,,,,,Black,kh24,,,
11953851,888,Bicycles,,Phnom Penh,,,,,,,,,,,kh24,,,
11949663,390,Motorcycles For Sale,,Phnom Penh,,,,,Plate Number,,,,,Black,kh24,,,
11536895,1299,Bicycles,,Phnom Penh,,,,,,,,,,,kh24,,,
11856079,1299,Bicycles,,Phnom Penh,,,,,,,,,,,kh24,,,
11811265,1299.99,Motorcycles For Sale,,Phnom Penh,,,,,Plate Number,,,,,Black,kh24,,,
11371185,435,Vehicles For Rent,,Phnom Penh,,,,,,,,Petrol,Auto,,kh24,,,
11829616,115000,Cars for Sale,sale,Phnom Penh,,Toyota,Land Cruiser,2021,Plate Number,,SUV,Petrol,Auto,Black,kh24,,,
11477211,49500,Cars for Sale,sale,Phnom Penh,,Land Rover,Discovery,2017,Plate Number,,SUV,Diesel,Auto,Black,kh24,,,
11794342,60,Parts & Accessories,,Phnom Penh,,,,,,,,,,,kh24,,,
11895673,549,Vehicles For Rent,,Phnom Penh,,,,,,,,Petrol,Auto,,kh24,,,
11757549,499,Vehicles For Rent,,Phnom Penh,,,,,,,,Petrol,Auto,,kh24,,,
11324607,36000,Cars for Sale,sale,Phnom Penh,,Mercedes-Benz,C300,2015,Tax Paper,,,Petrol,Auto,White,kh24,,,
11474553,1100,Vehicles For Rent,,Phnom Penh,,,,,,,,Petrol,Auto,,kh24,,,
11571797,21,Vehicles For Rent,,Phnom Penh,,,,,,,,Diesel,Manual,,kh24,,,
11735125,128000,Cars for Sale,sale,Phnom Penh,,Lexus,LX570,2017,Plate Number,,SUV,,,Black,kh24,,,
11843581,1500,Vehicles For Rent,,Phnom Penh,,,,,,,,Petrol,Auto,,kh24,,,
11754131,1900,Motorcycles For Sale,,Phnom Penh,,,,,Plate Number,,,,,Black,kh24,,,
11442718,3330,Cars for Sale,sale,Kampong Cham,,Toyota,Camry,1988,Plate Number,,Pickup,Petrol,Auto,White,kh24,,,
11900593,4500,Vehicles For Rent,,Phnom Penh,,,,,,,,Petrol,Auto,,kh24,,,
11845176,6500,Vehicles For Rent,,Phnom Penh,,,,,,,,Petrol,Auto,,kh24,,,
11826039,800,Vehicles For Rent,,Phnom Penh,,,,,,,,Petrol,Auto,,kh24,,,
11945515,2988,Vehicles For Rent,,Phnom Penh,,,,,,,,Diesel,Auto,,kh24,,,
11728403,18500,Cars for Sale,sale,Phnom Penh,,Toyota,Prius,2014,Tax Paper,,Sedan,Hybrid,Auto,White,kh24,,,
11960060,330,Motorcycles For Sale,,Phnom Penh,,,,,Plate Number,,,,,Red,kh24,,,
11952453,65500,Cars for Sale,sale,Phnom Penh,,Lexus,RX450h,2016,Plate Number,,SUV,Hybrid,Auto,White,kh24,,,
11560270,890,Motorcycles For Sale,,Phnom Penh,,,,,Plate Number,,,,,White,kh24,,,
11849425,870,Motorcycles For Sale,,Phnom Penh,,,,,Plate Number,,,,,White,kh24,,,
11443763,40900,Cars for Sale,sale,Phnom Penh,,Toyota,Hilux REVO,2025,Tax Paper,,Pickup,Diesel,Auto,White,kh24,,,
11914685,8500,Cars for Sale,sale,Phnom Penh,,Toyota,RAV4,2002,Plate Number,,SUV,Diesel,Auto,Gray,kh24,,,
11960056,450,Motorcycles For Sale,,Phnom Penh,,,,,Tax Paper,,,,,Black,kh24,,,
11956395,500,Cars for Sale,sale,Siem Reap,,Toyota,Prius,2013,Tax Paper,,Hatchback,Hybrid,Auto,Gray,kh24,,,
11953492,8500,Cars for Sale,sale,Phnom Penh,,Toyota,Prius,2005,Plate Number,,Sedan,Hybrid,Auto,Blue,kh24,,,
11512700,26800,Cars for Sale,sale,Phnom Penh,,Toyota,Alphard,2010,Tax Paper,,,,Auto,White,kh24,,,
11771646,270,Bicycles,,Phnom Penh,,,,,,,,,,,kh24,,,
11644094,36763,Cars for Sale,sale,Phnom Penh,,Toyota,Corolla CROSS,2023,Plate Number,,SUV,Petrol,Auto,White,kh24,,,
11792307,14800,Cars for Sale,sale,Phnom Penh,,Lexus,RX330,2004,Plate Number,,SUV,Diesel,Auto,Black,kh24,,,
11934459,10800,Cars for Sale,sale,Phnom Penh,,Toyota,Prius,2006,Plate Number,,Sedan,Hybrid,Auto,Gold,kh24,,,
11960050,18500,Cars for Sale,sale,Phnom Penh,,Lexus,CT,2011,Tax Paper,,Hatchback,Hybrid,Auto,White,kh24,,,
11842193,29999,Cars for Sale,sale,Phnom Penh,,Ford,Explorer,2013,Plate Number,,MPV (Minivan),Diesel,Manual,Silver,kh24,,,
11341901,9599,Cars for Sale,sale,Phnom Penh,,Toyota,Tundra,2004,Plate Number,,Pickup,Petrol,Auto,Gray,kh24,,,
11955561,4299,Cars for Sale,sale,Phnom Penh,,Toyota,Hilux,1993,Plate Number,,Pickup,Diesel,Auto,Gray,kh24,,,
11955758,13499,Cars for Sale,sale,Phnom Penh,,Ford,Ranger Raptor,2011,Plate Number,,Pickup,Diesel,Manual,Gold,kh24,,,
11956472,17599,Cars for Sale,sale,Phnom Penh,,Toyota,Hilux Vigo,2006,Plate Number,,Pickup,Diesel,Auto,Silver,kh24,,,
11956513,40999,Cars for Sale,sale,Phnom Penh,,Toyota,Hilux Rally,2020,Plate Number,,Pickup,Diesel,Auto,White,kh24,,,
11923030,10900,Cars for Sale,sale,Phnom Penh,,Hyundai,Starex,2009,Plate Number,,SUV,Diesel,Auto,White,kh24,,,
11865292,35000,Cars for Sale,sale,Phnom Penh,,Toyota,Hilux Rally,2019,Plate Number,,Pickup,Diesel,Auto,Black,kh24,,,
11847808,46500,Cars for Sale,sale,Phnom Penh,,Ford,Ranger Raptor,2022,Plate Number,,Pickup,Diesel,Auto,White,kh24,,,
11625418,43800,Cars for Sale,sale,Phnom Penh,,CHANGAN,Other,2024,Tax Paper,,Pickup,Hybrid,Auto,Gray,kh24,,,
11935037,22900,Cars for Sale,sale,Phnom Penh,,Toyota,Prius,2012,Tax Paper,,Sedan,Hybrid,Auto,White,kh24,,,
11576136,40001,Cars for Sale,sale,Phnom Penh,,Chevrolet,Captiva,2025,Tax Paper,,SUV,Petrol,Auto,Black,kh24,,,
11847721,43500,Cars for Sale,sale,Phnom Penh,,Ford,Ranger Raptor,2021,Plate Number,,Pickup,Diesel,Auto,White,kh24,,,
11865135,44000,Cars for Sale,sale,Phnom Penh,,Toyota,Hilux Rally,2022,Plate Number,,Pickup,Diesel,Auto,Black,kh24,,,
11927282,8500,Cars for Sale,sale,Phnom Penh,,Toyota,Tacoma,2003,Plate Number,,,Petrol,Auto,Gold,kh24,,,
11945344,7900,Cars for Sale,sale,Phnom Penh,,Toyota,Tacoma,2001,Plate Number,,,,Auto,Silver,kh24,,,
11324870,36800,Cars for Sale,sale,Phnom Penh,,Toyota,Corolla CROSS,2023,Plate Number,,SUV,Petrol,Auto,White,kh24,,,
11960046,17300,Cars for Sale,sale,Phnom Penh,,Lexus,CT,2012,Tax Paper,,Hatchback,Hybrid,Auto,Other,kh24,,,
11940471,36800,Cars for Sale,sale,Phnom Penh,,Ford,Ranger Wildtrak,2020,Plate Number,,Pickup,Diesel,Auto,White,kh24,,,
11684359,44500,Cars for Sale,sale,Phnom Penh,,Toyota,Hilux Rally,2022,Plate Number,,Pickup,Diesel,Auto,Black,kh24,,,
11949560,64800,Cars for Sale,sale,Phnom Penh,,Ford,Ranger Raptor,2023,Plate Number,,Pickup,Diesel,Auto,Gray,kh24,,,
11866353,45500,Cars for Sale,sale,Phnom Penh,,Ford,Ranger Wildtrak,2023,Plate Number,,Pickup,Diesel,Auto,Black,kh24,,,
11305975,100,Vehicles For Rent,,Phnom Penh,,,,,,,,Petrol,Auto,,kh24,,,
11948023,1650,Motorcycles For Sale,,Phnom Penh,,,,,Plate Number,,,,,Red,kh24,,,
11847753,20,Parts & Accessories,,Phnom Penh,,,,,,,,,,,kh24,,,
11880986,1,Parts & Accessories,,Phnom Penh,,,,,,,,,,,kh24,,,
11941358,36500,Cars for Sale,sale,Phnom Penh,,Mercedes-Benz,C-Class,2015,Tax Paper,,Sedan,Petrol,Auto,Black,kh24,,,
11922942,1350,Motorcycles For Sale,,Phnom Penh,,,,,Plate Number,,,,,Gold,kh24,,,
11823251,2700,Vehicles For Rent,,Phnom Penh,,,,,,,,Petrol,Auto,,kh24,,,
11960039,820,Motorcycles For Sale,,Phnom Penh,,,,,Plate Number,,,,,Green,kh24,,,
11960032,1250,Motorcycles For Sale,,Phnom Penh,,,,,Plate Number,,,,,White,kh24,,,
11771892,300,Vehicles For Rent,,Phnom Penh,,,,,,,,Diesel,Auto,,kh24,,,
11772197,700,Lorries, Vans & Tractors,,Phnom Penh,,,,,,,,,,,kh24,,,
11909327,2300,Vehicles For Rent,,Phnom Penh,,,,,,,,Petrol,Auto,,kh24,,,
11909329,2600,Vehicles For Rent,,Phnom Penh,,,,,,,,Petrol,Auto,,kh24,,,
11873285,20900,Cars for Sale,sale,Phnom Penh,,Toyota,Raize,2023,Plate Number,,SUV,Petrol,Auto,Yellow,kh24,,,
11907308,15900,Cars for Sale,sale,Phnom Penh,,Toyota,Prius,2011,Tax Paper,,,Hybrid,Auto,White,kh24,,,
11911823,399,Vehicles For Rent,,Phnom Penh,,,,,,,,Petrol,Auto,,kh24,,,
11955184,3700,Cars for Sale,sale,Kampong Speu,,Toyota,Corolla,1999,Plate Number,,Sedan,Petrol,Auto,Blue,kh24,,,
11773218,16950,Cars for Sale,sale,Phnom Penh,,Toyota,Prius,2011,Tax Paper,,Sedan,Hybrid,Auto,Gray,kh24,,,
11935818,16850,Cars for Sale,sale,Phnom Penh,,Toyota,Prius,2010,Plate Number,,Hatchback,Hybrid,Auto,Gold,kh24,,,
11771889,9,Lorries, Vans & Tractors,,Phnom Penh,,,,,,,Mini Truck,,,,kh24,,,
11772196,150,Lorries, Vans & Tractors,,Phnom Penh,,,,,,,Medium Truck,,,,kh24,,,
11792765,300,Vehicles For Rent,,Phnom Penh,,,,,,,,Diesel,Manual,,kh24,,,
11914133,24500,Cars for Sale,sale,Phnom Penh,,Toyota,Alphard,2010,Tax Paper,,MPV (Minivan),Petrol,Auto,White,kh24,,,
11930904,28500,Cars for Sale,sale,Phnom Penh,,Ford,Territory,2022,Plate Number,,SUV,Petrol,Auto,Silver,kh24,,,
11375753,14900,Cars for Sale,sale,Phnom Penh,,BMW,I3,2015,Tax Paper,,,,Auto,Gray,kh24,,,
11771888,90,Lorries, Vans & Tractors,,Phnom Penh,,,,,,,Medium Truck,,,,kh24,,,
11771894,700,Lorries, Vans & Tractors,,Phnom Penh,,,,,,,,,,,kh24,,,
11771896,150,Lorries, Vans & Tractors,,Phnom Penh,,,,,,,,,,,kh24,,,
11949159,16900,Cars for Sale,sale,Phnom Penh,,Toyota,Prius,2010,Tax Paper,,,,Auto,Gray,kh24,,,
11956235,25000,Cars for Sale,sale,Phnom Penh,,Porsche,Cayenne,2005,Plate Number,,SUV,Petrol,Auto,Gold,kh24,,,
11956282,7900,Cars for Sale,sale,Phnom Penh,,Toyota,Camry,2002,Plate Number,,Sedan,Petrol,Auto,Green,kh24,,,
11960028,1450,Motorcycles For Sale,,Phnom Penh,,,,,Plate Number,,,,,Blue,kh24,,,
11960024,1180,Motorcycles For Sale,,Phnom Penh,,,,,Plate Number,,,,,White,kh24,,,
11955761,15900,Cars for Sale,sale,Phnom Penh,,Toyota,Prius,2010,Plate Number,,Sedan,,Auto,Silver,kh24,,,
11909330,3300,Vehicles For Rent,,Phnom Penh,,,,,,,,Petrol,Auto,,kh24,,,
11895002,49800,Cars for Sale,sale,Phnom Penh,,Hyundai,Staria,2023,Plate Number,,MPV (Minivan),,Auto,White,kh24,,,
11960019,980,Motorcycles For Sale,,Phnom Penh,,,,,Plate Number,,,,,Black,kh24,,,
11960018,17300,Cars for Sale,sale,Phnom Penh,,Mazda,Mazda2,2023,Plate Number,,Sedan,Petrol,Auto,Red,kh24,,,
11741352,950,Motorcycles For Sale,,Phnom Penh,,,,,Plate Number,,,,,Other,kh24,,,
11960010,1680,Motorcycles For Sale,,Phnom Penh,,,,,Plate Number,,,,,White,kh24,,,
11806879,1299,Others,,Phnom Penh,,,,,,,,,,,kh24,,,
11766481,340,Motorcycles For Sale,,Preah Sihanouk,,,,,Tax Paper,,,,,Gold,kh24,,,
11862930,10000,Others,,Phnom Penh,,,,,,,,,,,kh24,,,
11862937,8000,Others,,Phnom Penh,,,,,,,,,,,kh24,,,
11909047,320,Motorcycles For Sale,,Phnom Penh,,,,,Tax Paper,,,,,Black,kh24,,,
11960007,640,Motorcycles For Sale,,Phnom Penh,,,,,Plate Number,,,,,Blue,kh24,,,
11960006,1180,Motorcycles For Sale,,Phnom Penh,,,,,Plate Number,,,,,Red,kh24,,,
11923123,6900,Motorcycles For Sale,,Phnom Penh,,,,,Plate Number,,,,,Black,kh24,,,
11960005,6850,Motorcycles For Sale,,Phnom Penh,,,,,Tax Paper,,,,,Gray,kh24,,,
11960004,16300,Cars for Sale,sale,Phnom Penh,,Toyota,Prius,2010,Tax Paper,,Hatchback,Hybrid,Auto,Black,kh24,,,
11960003,5200,Cars for Sale,sale,Phnom Penh,,Toyota,Corolla,1998,Plate Number,,,Petrol,Auto,Gold,kh24,,,
11919208,40500,Cars for Sale,sale,Phnom Penh,,Toyota,Fortuner,2020,Plate Number,,SUV,Diesel,Auto,Brown,kh24,,,
11960002,750,Motorcycles For Sale,,Phnom Penh,,,,,Plate Number,,,,,Other,kh24,,,
11959999,330,Motorcycles For Sale,,Phnom Penh,,,,,Plate Number,,,,,Yellow,kh24,,,
11959997,1480,Motorcycles For Sale,,Phnom Penh,,,,,Plate Number,,,,,White,kh24,,,
11843628,2200,Vehicles For Rent,,Phnom Penh,,,,,,,,Petrol,Auto,,kh24,,,
11916591,18000,Cars for Sale,sale,Phnom Penh,,Porsche,Cayenne,2011,Plate Number,,SUV,Petrol,Auto,White,kh24,,,
11585956,18800,Cars for Sale,sale,Phnom Penh,,Lexus,RX330,2004,Plate Number,,SUV,Petrol,Auto,Gold,kh24,,,
11959996,20300,Cars for Sale,sale,Phnom Penh,,Lexus,HS,2010,Tax Paper,,Sedan,Hybrid,Auto,Gray,kh24,,,
11959995,950,Motorcycles For Sale,,Phnom Penh,,,,,Plate Number,,,,,Silver,kh24,,,
11959994,12500,Cars for Sale,sale,Phnom Penh,,Kia,Morning,2022,Plate Number,,SUV,Petrol,Auto,White,kh24,,,
11959993,65,Bicycles,,Phnom Penh,,,,,,,,,,,kh24,,,
11859869,8000,Motorcycles For Sale,,Phnom Penh,,,,,Tax Paper,,,,,White,kh24,,,
11936591,7700,Motorcycles For Sale,,Phnom Penh,,,,,Plate Number,,,,,Black,kh24,,,
11959990,880,Motorcycles For Sale,,Phnom Penh,,,,,Plate Number,,,,,Red,kh24,,,
11851542,1900,Motorcycles For Sale,,Phnom Penh,,,,,Plate Number,,,,,White,kh24,,,
11593842,45092,Cars for Sale,sale,Phnom Penh,,Lexus,NX,2018,Plate Number,,SUV,Petrol,Auto,Black,kh24,,,
11950500,15500,Cars for Sale,sale,Phnom Penh,,Toyota,Tacoma,2006,Plate Number,,Pickup,,Auto,Silver,kh24,,,
11959988,880,Motorcycles For Sale,,Phnom Penh,,,,,Plate Number,,,,,Red,kh24,,,
11953847,340,Bicycles,,Phnom Penh,,,,,,,,,,,kh24,,,
11953837,480,Bicycles,,Phnom Penh,,,,,,,,,,,kh24,,,
11394006,570,Vehicles For Rent,,Phnom Penh,,,,,,,,,,,kh24,,,
11956496,18900,Cars for Sale,sale,Phnom Penh,,Toyota,Prius,2011,Tax Paper,,SUV,Petrol,,Gold,kh24,,,
11898009,31800,Cars for Sale,sale,Phnom Penh,,Honda,CR-V,2022,Plate Number,,SUV,Petrol,Auto,Black,kh24,,,
11959987,125,Bicycles,,Phnom Penh,,,,,,,,,,,kh24,,,
11959986,35000,Cars for Sale,sale,Phnom Penh,,Lexus,NX,2016,Tax Paper,,SUV,Hybrid,Auto,White,kh24,,,
11629118,1400,Motorcycles For Sale,,Phnom Penh,,,,,Plate Number,,,,,Black,kh24,,,
11797644,38000,Cars for Sale,sale,Phnom Penh,,ZX AUTO,TERRALORD,2022,Plate Number,,,,Manual,Black,kh24,,,
11817110,2000,Tuk Tuk & Remork,,Phnom Penh,,,,,,,,,,,kh24,,,
11497966,20,Vehicles For Rent,,Phnom Penh,,,,,,,,Diesel,Manual,,kh24,,,
11707423,90,Vehicles For Rent,,Phnom Penh,,,,,,,,Diesel,Manual,,kh24,,,
11709251,80,Vehicles For Rent,,Phnom Penh,,,,,,,,Diesel,Manual,,kh24,,,
11709258,120,Vehicles For Rent,,Phnom Penh,,,,,,,,Petrol,Auto,,kh24,,,
11551824,648,Vehicles For Rent,,Phnom Penh,,,,,,,,Petrol,Auto,,kh24,,,
11497422,225000,Cars for Sale,sale,Phnom Penh,,Mercedes-Benz,S500,2021,Plate Number,,Sedan,Petrol,Auto,Black,kh24,,,
11825768,258000,Cars for Sale,sale,Phnom Penh,,Rolls-Royce,Phantom Extended,2014,Plate Number,,Sedan,Petrol,Auto,Black,kh24,,,
11880737,16499,Cars for Sale,sale,Phnom Penh,,Toyota,Prius,2010,Tax Paper,,Hatchback,Hybrid,Auto,Gold,kh24,,,
11833452,80000,Cars for Sale,sale,Phnom Penh,,Toyota,Alphard,2018,Tax Paper,,MPV (Minivan),Hybrid,Auto,Black,kh24,,,
11607295,21888,Motorcycles For Sale,,Phnom Penh,,,,,Tax Paper,,,,,Orange,kh24,,,
11596970,688,Bicycles,,Phnom Penh,,,,,,,,,,,kh24,,,
11709264,70,Vehicles For Rent,,Phnom Penh,,,,,,,,Diesel,Manual,,kh24,,,
11709266,100,Vehicles For Rent,,Phnom Penh,,,,,,,,Diesel,Manual,,kh24,,,
11860706,20,Vehicles For Rent,,Phnom Penh,,,,,,,,Diesel,Manual,,kh24,,,
11911248,90,Vehicles For Rent,,Phnom Penh,,,,,,,,Diesel,Auto,,kh24,,,
11927267,2500,Cars for Sale,sale,Svay Rieng,,Mercedes-Benz,,2017,Plate Number,,,Petrol,Auto,Gold,kh24,,,
11709255,180,Vehicles For Rent,,Phnom Penh,,,,,,,,Petrol,Auto,,kh24,,,
11645789,2580,Motorcycles For Sale,,Phnom Penh,,,,,Tax Paper,,,,,Black,kh24,,,
11568666,65500,Cars for Sale,sale,Phnom Penh,,Toyota,Alphard,2015,Plate Number,,,Petrol,Auto,Black,kh24,,,
11911260,200,Vehicles For Rent,,Phnom Penh,,,,,,,,Electric,Auto,,kh24,,,
11930512,55800,Cars for Sale,sale,Phnom Penh,,Toyota,Land Cruiser,2013,Plate Number,,SUV,Petrol,Auto,White,kh24,,,
11694689,5300,Cars for Sale,sale,Tboung Khmum,,Hyundai,Starex,2004,Plate Number,,,,Manual,Silver,kh24,,,
11452195,370,Vehicles For Rent,,Phnom Penh,,,,,,,,Petrol,Auto,,kh24,,,
11429558,435,Vehicles For Rent,,Phnom Penh,,,,,,,,Petrol,Auto,,kh24,,,
11550492,40,Vehicles For Rent,,Phnom Penh,,,,,,,,Diesel,Manual,,kh24,,,
11608525,210,Bicycles,,Phnom Penh,,,,,,,,,,,kh24,,,
11709261,100,Vehicles For Rent,,Phnom Penh,,,,,,,,Petrol,Auto,,kh24,,,
11911212,90,Vehicles For Rent,,Phnom Penh,,,,,,,,Electric,Auto,,kh24,,,
11942986,20500,Cars for Sale,sale,Phnom Penh,,Isuzu,D-MAX,2011,Plate Number,,Pickup,Diesel,Auto,Silver,kh24,,,
11375779,9500,Cars for Sale,sale,Phnom Penh,,Kia,Morning,2016,Tax Paper,,,,Auto,Black,kh24,,,
11887242,123800,Cars for Sale,sale,Phnom Penh,,Lexus,LX570,2017,Plate Number,,SUV,Petrol,Auto,White,kh24,,,
11804776,48500,Cars for Sale,sale,Phnom Penh,,Toyota,Land Cruiser,2011,Plate Number,,SUV,Petrol,Auto,White,kh24,,,
11867090,89000,Cars for Sale,sale,Phnom Penh,,Toyota,Granvia,2022,Plate Number,,MPV (Minivan),Petrol,Auto,White,kh24,,,
11838951,23900,Cars for Sale,sale,Phnom Penh,,Nissan,X-TRAIL,2019,Plate Number,,,,,White,kh24,,,
11409063,2500,Motorcycles For Sale,,Phnom Penh,,,,,Plate Number,,,,,Other,kh24,,,
11854304,1330,Motorcycles For Sale,,Phnom Penh,,,,,Plate Number,,,,,White,kh24,,,
11709259,60,Vehicles For Rent,,Phnom Penh,,,,,,,,Diesel,Auto,,kh24,,,
11949252,4700,Cars for Sale,sale,Phnom Penh,,Toyota,Camry,1998,Plate Number,,Sedan,Petrol,Auto,Gray,kh24,,,
11934437,20999,Cars for Sale,sale,Phnom Penh,,Lexus,LX470,2005,Plate Number,,,Petrol,Auto,White,kh24,,,
11954689,33800,Cars for Sale,sale,Phnom Penh,,Audi,A8,2013,Plate Number,,Sedan,Petrol,Auto,Black,kh24,,,
11549128,22500,Cars for Sale,sale,Phnom Penh,,Lexus,HS,2010,Tax Paper,,Sedan,Hybrid,Auto,Silver,kh24,,,
11956352,75000,Cars for Sale,sale,Phnom Penh,,Mercedes-Benz,CLS-Class,2019,Plate Number,,Sedan,Diesel,Auto,White,kh24,,,
11701960,1350,Motorcycles For Sale,,Phnom Penh,,,,,Plate Number,,,,,Black,kh24,,,
11959983,14500,Cars for Sale,sale,Phnom Penh,,Toyota,Highlander,2003,Plate Number,,,,,Silver,kh24,,,
11424260,1800,Tuk Tuk & Remork,,Phnom Penh,,,,,,,,,,,kh24,,,
11943401,126000,Cars for Sale,sale,Phnom Penh,,Mercedes-Benz,GL350,2017,Tax Paper,,,Diesel,Auto,White,kh24,,,
11951210,51000,Cars for Sale,sale,Phnom Penh,,Mercedes-Benz,S350,2015,Tax Paper,,,Diesel,Auto,Black,kh24,,,
11959981,42877,Cars for Sale,sale,Phnom Penh,,Ford,Ranger Wildtrak,2022,Plate Number,,Pickup,Diesel,Auto,White,kh24,,,
11790993,1299,Motorcycles For Sale,,Battambang,,,,,Plate Number,,,,,White,kh24,,,
11822733,70,Parts & Accessories,,Battambang,,,,,,,,,,,kh24,,,
11431269,49800,Cars for Sale,sale,Phnom Penh,,Hyundai,Staria,2022,Plate Number,,MPV (Minivan),Diesel,Auto,Black,kh24,,,
11771098,500,Parts & Accessories,,Phnom Penh,,,,,,,,,,,kh24,,,
11959980,13800,Cars for Sale,sale,Phnom Penh,,Lexus,GS,2006,Plate Number,,Sedan,Petrol,Auto,Silver,kh24,,,
11959979,149,Bicycles,,Phnom Penh,,,,,,,,,,,kh24,,,
11959976,3333,Cars for Sale,sale,Preah Sihanouk,,Toyota,Corolla,1995,Plate Number,,Sedan,Petrol,Auto,Green,kh24,,,
11890088,630,Motorcycles For Sale,,Phnom Penh,,,,,Tax Paper,,,,,White,kh24,,,
11847009,3400,Motorcycles For Sale,,Phnom Penh,,,,,Tax Paper,,,,,Silver,kh24,,,
11896871,3450,Motorcycles For Sale,,Phnom Penh,,,,,Tax Paper,,,,,Black,kh24,,,
11832932,3350,Motorcycles For Sale,,Phnom Penh,,,,,Tax Paper,,,,,Silver,kh24,,,
11930229,4700,Motorcycles For Sale,,Phnom Penh,,,,,Tax Paper,,,,,Gold,kh24,,,
11614602,3450,Motorcycles For Sale,,Phnom Penh,,,,,Tax Paper,,,,,White,kh24,,,
11823193,4100,Cars for Sale,sale,Phnom Penh,,Other,,1991,Tax Paper,,Other,Petrol,Manual,Orange,kh24,,,
11589911,66660,Cars for Sale,sale,Phnom Penh,,GAC,GN8,2025,Tax Paper,,MPV (Minivan),Petrol,Auto,Black,kh24,,,
11492029,1680,Motorcycles For Sale,,Phnom Penh,,,,,Tax Paper,,,,,White,kh24,,,
11680451,1200,Motorcycles For Sale,,Phnom Penh,,,,,Plate Number,,,,,White,kh24,,,
11780873,2350,Motorcycles For Sale,,Phnom Penh,,,,,Tax Paper,,,,,Blue,kh24,,,
11959975,168000,Cars for Sale,sale,Phnom Penh,,Lexus,LX570,2020,Plate Number,,SUV,Petrol,Auto,White,kh24,,,
11889450,15000,Cars for Sale,sale,Phnom Penh,,Toyota,Highlander,2002,Plate Number,,SUV,Petrol,Auto,White,kh24,,,
11959974,53500,Cars for Sale,sale,Kampong Speu,,Kia,Carnival,2025,Plate Number,,MPV (Minivan),Petrol,Auto,White,kh24,,,
11570384,80,Vehicles For Rent,,Phnom Penh,,,,,,,,Diesel,Auto,,kh24,,,
11911701,34800,Cars for Sale,sale,Phnom Penh,,Toyota,Hilux REVO,2018,Plate Number,,Pickup,Diesel,Auto,White,kh24,,,
11867138,225,Motorcycles For Sale,,Phnom Penh,,,,,Plate Number,,,,,Black,kh24,,,
11893427,145.5,Parts & Accessories,,Phnom Penh,,,,,,,,,,,kh24,,,
11959970,120,Bicycles,,Phnom Penh,,,,,,,,,,,kh24,,,
11735079,570,Parts & Accessories,,Phnom Penh,,,,,,,,,,,kh24,,,
11951979,13500,Cars for Sale,sale,Phnom Penh,,Toyota,Camry,2007,Plate Number,,,,,White,kh24,,,
11535942,12,Parts & Accessories,,Phnom Penh,,,,,,,,,,,kh24,,,
11831311,7900,Cars for Sale,sale,Phnom Penh,,Toyota,Prius,2004,Plate Number,,Sedan,Hybrid,Auto,Gold,kh24,,,
11535945,15,Parts & Accessories,,Phnom Penh,,,,,,,,,,,kh24,,,
11893435,89999,Cars for Sale,sale,Phnom Penh,,Toyota,Alphard,2018,Plate Number,,MPV (Minivan),Petrol,Auto,Black,kh24,,,
11535921,15,Maintenance & Repair,,Phnom Penh,,,,,,,,,,,kh24,,,
11535917,12,Maintenance & Repair,,Phnom Penh,,,,,,,,,,,kh24,,,
11959969,1490,Motorcycles For Sale,,Phnom Penh,,,,,Plate Number,,,,,White,kh24,,,
11955691,18500,Cars for Sale,sale,Phnom Penh,,Toyota,Prius,2014,Plate Number,,SUV,Hybrid,Auto,White,kh24,,,
11959967,42977,Cars for Sale,sale,Phnom Penh,,Ford,Ranger Wildtrak,2022,Plate Number,,Pickup,Diesel,Auto,White,kh24,,,
11770698,5850,Cars for Sale,sale,Kampong Cham,,Toyota,Camry,1998,Plate Number,,Sedan,Petrol,Auto,Gold,kh24,,,
11713735,350,Parts & Accessories,,Phnom Penh,,,,,,,,,,,kh24,,,
11956474,25500,Cars for Sale,sale,Phnom Penh,,Hyundai,County,2004,Tax Paper,,,Diesel,Manual,Black,kh24,,,
11671982,10000,Lorries, Vans & Tractors,,Phnom Penh,,,,,,,Industrial Vehicle,,,,kh24,,,
11929766,8,Parts & Accessories,,Phnom Penh,,,,,,,,,,,kh24,,,
11959958,980,Motorcycles For Sale,,Phnom Penh,,,,,Plate Number,,,,,Silver,kh24,,,
11950195,8300,Cars for Sale,sale,Phnom Penh,,Toyota,Prius,2004,Plate Number,,,Petrol,Auto,Silver,kh24,,,
11959957,23800,Cars for Sale,sale,Phnom Penh,,Lexus,RX330,2004,Plate Number,,,,,White,kh24,,,
11721578,3850,Motorcycles For Sale,,Phnom Penh,,,,,Tax Paper,,,,,White,kh24,,,
11832377,23500,Cars for Sale,sale,Phnom Penh,,Toyota,Prius,2013,Tax Paper,,Hatchback,Hybrid,Auto,White,kh24,,,
11750765,126800,Cars for Sale,sale,Phnom Penh,,Toyota,Alphard,2020,Plate Number,,SUV,Petrol,Auto,Black,kh24,,,
11648812,400,Parts & Accessories,,Phnom Penh,,,,,,,,,,,kh24,,,
11567430,2,Parts & Accessories,,Phnom Penh,,,,,,,,,,,kh24,,,
11959953,800,Motorcycles For Sale,,Phnom Penh,,,,,Plate Number,,,,,Other,kh24,,,
11959952,8300,Cars for Sale,sale,Phnom Penh,,Kia,Morning,2012,Tax Paper,,,Petrol,Auto,Other,kh24,,,
11900300,4500,Cars for Sale,sale,Kampong Cham,,Toyota,Corolla,1999,Plate Number,,SUV,Petrol,Auto,Silver,kh24,,,
11959951,32000,Cars for Sale,sale,Phnom Penh,,Lexus,RX350,2010,Plate Number,,SUV,Petrol,Auto,White,kh24,,,
11897762,9000,Lorries, Vans & Tractors,,Kampong Cham,,,,,,,Other,,,,kh24,,,
11959948,15900,Cars for Sale,sale,Phnom Penh,,Toyota,Tundra,2007,Plate Number,,Pickup,Petrol,Auto,Black,kh24,,,
11959946,890,Motorcycles For Sale,,Phnom Penh,,,,,Plate Number,,,,,Other,kh24,,,
11908399,1300,Motorcycles For Sale,,Phnom Penh,,,,,Plate Number,,,,,Black,kh24,,,
11908429,1920,Motorcycles For Sale,,Phnom Penh,,,,,Plate Number,,,,,Black,kh24,,,
11887364,1560,Motorcycles For Sale,,Phnom Penh,,,,,Plate Number,,,,,Black,kh24,,,
11955865,2450,Cars for Sale,sale,Kampot,,Toyota,Corolla,1994,Plate Number,,Sedan,Petrol,Auto,Gold,kh24,,,
11859834,1800,Motorcycles For Sale,,Phnom Penh,,,,,Plate Number,,,,,Black,kh24,,,
11859857,1430,Motorcycles For Sale,,Phnom Penh,,,,,Plate Number,,,,,White,kh24,,,
11887203,1880,Motorcycles For Sale,,Phnom Penh,,,,,Plate Number,,,,,White,kh24,,,
11955699,15400,Cars for Sale,sale,Phnom Penh,,Toyota,Prius,2010,Plate Number,,,,Auto,Gray,kh24,,,
11908391,1780,Motorcycles For Sale,,Phnom Penh,,,,,Plate Number,,,,,Green,kh24,,,
11908489,1800,Motorcycles For Sale,,Phnom Penh,,,,,Plate Number,,,,,White,kh24,,,
11908452,1790,Motorcycles For Sale,,Phnom Penh,,,,,Plate Number,,,,,White,kh24,,,
11955862,1580,Motorcycles For Sale,,Phnom Penh,,,,,Plate Number,,,,,Black,kh24,,,
11863242,8500,Cars for Sale,sale,Phnom Penh,,Kia,Ray,2012,Plate Number,,Hatchback,Petrol,Auto,White,kh24,,,
11959940,1320,Motorcycles For Sale,,Phnom Penh,,,,,Plate Number,,,,,Gray,kh24,,,
11959939,880,Motorcycles For Sale,,Phnom Penh,,,,,Plate Number,,,,,Red,kh24,,,
11947755,17500,Cars for Sale,sale,Phnom Penh,,Toyota,Prius,2012,Tax Paper,,SUV,Diesel,Auto,Green,kh24,,,
11817475,18800,Cars for Sale,sale,Phnom Penh,,Toyota,Highlander,2004,Plate Number,,SUV,Petrol,Auto,White,kh24,,,
11817477,9000,Cars for Sale,sale,Phnom Penh,,Toyota,Prius,2004,Plate Number,,Hatchback,Hybrid,Auto,Gold,kh24,,,
11525497,51800,Cars for Sale,sale,Phnom Penh,,Land Rover,Range Rover Vogue,2015,Plate Number,,,Petrol,Auto,Silver,kh24,,,
11952591,24000,Cars for Sale,sale,Koh Kong,,Toyota,Alphard,2010,Plate Number,,,LPG,Auto,White,kh24,,,
11959937,850,Motorcycles For Sale,,Phnom Penh,,,,,Plate Number,,,,,White,kh24,,,
11959935,8400,Cars for Sale,sale,Tboung Khmum,,Toyota,RAV4,2002,Plate Number,,Other,Petrol,Auto,Silver,kh24,,,
11946564,18900,Cars for Sale,sale,Phnom Penh,,Toyota,Prius,2011,Tax Paper,,Sedan,Hybrid,Auto,White,kh24,,,
11635819,900,Motorcycles For Sale,,Phnom Penh,,,,,Plate Number,,,,,Black,kh24,,,
11844659,9800,Cars for Sale,sale,Phnom Penh,,Toyota,Tacoma,2002,Plate Number,,Pickup,Petrol,Auto,White,kh24,,,
11959933,790,Motorcycles For Sale,,Phnom Penh,,,,,Plate Number,,,,,White,kh24,,,
11956355,330,Motorcycles For Sale,,Phnom Penh,,,,,Tax Paper,,,,,Yellow,kh24,,,
11404554,3580,Motorcycles For Sale,,Phnom Penh,,,,,Tax Paper,,,,,Other,kh24,,,
11959929,990,Motorcycles For Sale,,Phnom Penh,,,,,Plate Number,,,,,Red,kh24,,,
11939255,16650,Cars for Sale,sale,Phnom Penh,,Toyota,Prius,2010,Plate Number,,Sedan,Hybrid,Auto,Silver,kh24,,,
11578620,65800,Cars for Sale,sale,Phnom Penh,,Lexus,RX350,2016,Plate Number,,SUV,Petrol,Auto,White,kh24,,,
11825283,7,Others,,Phnom Penh,,,,,,,,,,,kh24,,,
11935492,63500,Cars for Sale,sale,Phnom Penh,,Lexus,RX450h,2017,Plate Number,,SUV,Petrol,Auto,White,kh24,,,
11922826,280,Motorcycles For Sale,,Phnom Penh,,,,,Plate Number,,,,,White,kh24,,,
11902133,650,Motorcycles For Sale,,Phnom Penh,,,,,Tax Paper,,,,,White,kh24,,,
11945201,93000,Cars for Sale,sale,Phnom Penh,,Land Rover,Defender 110,2020,Plate Number,,,Diesel,,White,kh24,,,
11927775,14999,Cars for Sale,sale,Phnom Penh,,Lexus,LX470,2023,Plate Number,,SUV,LPG,Auto,Black,kh24,,,
11936795,22600,Cars for Sale,sale,Phnom Penh,,SsangYong,Tivoli,2023,Plate Number,,SUV,Petrol,Auto,White,kh24,,,
11904865,8100,Motorcycles For Sale,,Phnom Penh,,,,,Plate Number,,,,,Green,kh24,,,
11857612,499,Bicycles,,Phnom Penh,,,,,,,,,,,kh24,,,
11884610,17500,Cars for Sale,sale,Phnom Penh,,Lexus,RX330,2004,Plate Number,,SUV,Petrol,Auto,Silver,kh24,,,
11889296,27800,Cars for Sale,sale,Phnom Penh,,MAXUS,D60,2022,Plate Number,,SUV,Petrol,Auto,Black,kh24,,,
11857135,980,Motorcycles For Sale,,Siem Reap,,,,,Plate Number,,,,,Black,kh24,,,
11673213,1100,Motorcycles For Sale,,Takeo,,,,,Plate Number,,,,,Gray,kh24,,,
11862558,1100,Motorcycles For Sale,,Takeo,,,,,Plate Number,,,,,Orange,kh24,,,
11959924,780,Motorcycles For Sale,,Phnom Penh,,,,,Plate Number,,,,,White,kh24,,,
11931205,788,Motorcycles For Sale,,Kandal,,,,,Tax Paper,,,,,Black,kh24,,,
11890860,14500,Cars for Sale,sale,Phnom Penh,,Toyota,Highlander,2002,Plate Number,,SUV,Petrol,Auto,Silver,kh24,,,
11930801,45900,Cars for Sale,sale,Phnom Penh,,Ford,Ranger Raptor,2022,Plate Number,,Pickup,Diesel,Auto,White,kh24,,,
11817458,13500,Cars for Sale,sale,Phnom Penh,,Toyota,Land Cruiser,1998,Plate Number,,SUV,Diesel,Auto,Green,kh24,,,
11817465,21000,Cars for Sale,sale,Phnom Penh,,Lexus,RX330,2004,Plate Number,,SUV,Petrol,Auto,Gold,kh24,,,
11899949,26800,Cars for Sale,sale,Phnom Penh,,Isuzu,MU-X,2016,Plate Number,,SUV,Diesel,Auto,Orange,kh24,,,
11837699,11000,Cars for Sale,sale,Phnom Penh,,Lexus,RX300,2001,Plate Number,,SUV,Petrol,Auto,Gold,kh24,,,
11947661,2529.45,Tuk Tuk & Remork,,Phnom Penh,,,,,,,,,,,kh24,,,
11436263,135,Maintenance & Repair,,Kandal,,,,,,,,,,,kh24,,,
11959920,11000,Cars for Sale,sale,Phnom Penh,,Lexus,RX300,2003,Plate Number,,SUV,Petrol,Auto,White,kh24,,,
11551741,1495,Vehicles For Rent,,Phnom Penh,,,,,,,,Petrol,Auto,,kh24,,,
11648356,33,Parts & Accessories,,Phnom Penh,,,,,,,,,,,kh24,,,
11817437,31000,Cars for Sale,sale,Phnom Penh,,Hyundai,H1,2020,Plate Number,,MPV (Minivan),Diesel,Auto,Black,kh24,,,
11800801,2730,Motorcycles For Sale,,Phnom Penh,,,,,Tax Paper,,,,,Blue,kh24,,,
11886499,2450,Motorcycles For Sale,,Phnom Penh,,,,,Tax Paper,,,,,Other,kh24,,,
11798471,20,Vehicles For Rent,,Phnom Penh,,,,,,,,Diesel,Manual,,kh24,,,
11817455,17000,Cars for Sale,sale,Phnom Penh,,Toyota,Land Cruiser,2000,Plate Number,,SUV,Diesel,Manual,Green,kh24,,,
11883036,2580,Motorcycles For Sale,,Phnom Penh,,,,,Tax Paper,,,,,Black,kh24,,,
11817448,18900,Cars for Sale,sale,Phnom Penh,,SsangYong,stavic,2019,Plate Number,,MPV (Minivan),Diesel,Auto,White,kh24,,,
11888987,9500,Cars for Sale,sale,Phnom Penh,,Toyota,Belta,2009,Plate Number,,Sedan,Petrol,Auto,White,kh24,,,
11894744,14500,Cars for Sale,sale,Phnom Penh,,Toyota,RAV4,2006,Plate Number,,SUV,Petrol,Auto,Silver,kh24,,,
11959917,13500,Cars for Sale,sale,Phnom Penh,,Land Rover,Range Rover Sport,2006,Plate Number,,SUV,Diesel,Auto,Black,kh24,,,
11959916,18500,Cars for Sale,sale,Phnom Penh,,SsangYong,Rexton,2019,Plate Number,,Pickup,Diesel,Auto,Black,kh24,,,
11853025,4900,Cars for Sale,sale,Siem Reap,,Toyota,Corolla,2001,Plate Number,,,,Auto,Gold,kh24,,,
11883566,34800,Cars for Sale,sale,Phnom Penh,,MG,RX8,2021,Plate Number,,SUV,Petrol,Auto,Black,kh24,,,
11724000,18500,Cars for Sale,sale,Phnom Penh,,BYD,E2,2024,Plate Number,,Sedan,Electric,Auto,White,kh24,,,
11724001,25900,Cars for Sale,sale,Phnom Penh,,BYD,ATTO 3,2022,Plate Number,,SUV,Electric,Auto,White,kh24,,,
11959912,1050,Motorcycles For Sale,,Phnom Penh,,,,,Plate Number,,,,,White,kh24,,,
11959911,8900,Cars for Sale,sale,Phnom Penh,,Kia,Ray,2012,Tax Paper,,Other,Petrol,Auto,Other,kh24,,,
11959910,2680,Cars for Sale,sale,Phnom Penh,,SsangYong,Rexton,2023,Tax Paper,,Pickup,Diesel,Auto,Gray,kh24,,,
11943713,19600,Cars for Sale,sale,Phnom Penh,,Lexus,CT,2013,Plate Number,,Sedan,Petrol,Auto,White,kh24,,,
11818012,45000,Cars for Sale,sale,Phnom Penh,,Toyota,Land Cruiser,2010,Plate Number,,SUV,Diesel,Auto,Black,kh24,,,
11959906,1480,Motorcycles For Sale,,Phnom Penh,,,,,Plate Number,,,,,White,kh24,,,
11959905,4900,Cars for Sale,sale,Phnom Penh,,Toyota,Camry,1997,Plate Number,,Sedan,Petrol,Auto,Gold,kh24,,,
11955996,17500,Cars for Sale,sale,Phnom Penh,,Toyota,Alphard,2005,Plate Number,,SUV,Petrol,Auto,White,kh24,,,
11957029,24500,Cars for Sale,sale,Phnom Penh,,Toyota,Sienna,2011,Plate Number,,MPV (Minivan),Petrol,Auto,Black,kh24,,,
11953450,12700,Lorries, Vans & Tractors,,Battambang,,,,,,,Other,,,,kh24,,,
11550454,63000,Cars for Sale,sale,Phnom Penh,,Toyota,Sienna,2021,Plate Number,,MPV (Minivan),Petrol,Auto,Gray,kh24,,,
11959901,9300,Cars for Sale,sale,Phnom Penh,,Kia,Morning,2013,Tax Paper,,Sedan,Petrol,Auto,Black,kh24,,,
11959900,14000,Cars for Sale,sale,Phnom Penh,,Toyota,Hilux Vigo,2008,Plate Number,,Pickup,Diesel,Manual,Gold,kh24,,,
11959899,17000,Cars for Sale,sale,Phnom Penh,,Toyota,Prius,2010,Plate Number,,Other,Hybrid,Auto,White,kh24,,,
11944813,799,Motorcycles For Sale,,Phnom Penh,,,,,Tax Paper,,,,,Other,kh24,,,
11941693,999,Motorcycles For Sale,,Phnom Penh,,,,,Tax Paper,,,,,Other,kh24,,,
11558172,425,Bicycles,,Phnom Penh,,,,,,,,,,,kh24,,,
11396067,435,Vehicles For Rent,,Phnom Penh,,,,,,,,Petrol,Auto,,kh24,,,
11959897,2180,Motorcycles For Sale,,Phnom Penh,,,,,Tax Paper,,,,,Other,kh24,,,
11798167,1390,Motorcycles For Sale,,Phnom Penh,,,,,Plate Number,,,,,Black,kh24,,,
11682588,850,Motorcycles For Sale,,Phnom Penh,,,,,Plate Number,,,,,Black,kh24,,,
11865395,22000,Cars for Sale,sale,Phnom Penh,,Toyota,Alphard,2008,Plate Number,,MPV (Minivan),Petrol,Auto,Black,kh24,,,
11362141,1450,Motorcycles For Sale,,Phnom Penh,,,,,Plate Number,,,,,Black,kh24,,,
11817696,1120,Motorcycles For Sale,,Phnom Penh,,,,,Plate Number,,,,,Black,kh24,,,
11959896,880,Motorcycles For Sale,,Phnom Penh,,,,,Plate Number,,,,,Black,kh24,,,
11925219,1290,Motorcycles For Sale,,Phnom Penh,,,,,Plate Number,,,,,Red,kh24,,,
11916144,650,Motorcycles For Sale,,Phnom Penh,,,,,Plate Number,,,,,Black,kh24,,,
11959895,29800,Cars for Sale,sale,Phnom Penh,,Ford,Ranger Wildtrak,2019,Plate Number,,Pickup,Diesel,Auto,Orange,kh24,,,
11787646,23800,Cars for Sale,sale,Phnom Penh,,Toyota,Alphard,2010,Tax Paper,,Other,Petrol,Auto,White,kh24,,,
11450982,66000,Cars for Sale,sale,Phnom Penh,,Hyundai,Palisade,2023,Plate Number,,SUV,Petrol,Auto,Black,kh24,,,
11947955,12700,Cars for Sale,sale,Phnom Penh,,Toyota,Prius,2006,Plate Number,,,,Auto,White,kh24,,,
11959894,550,Motorcycles For Sale,,Phnom Penh,,,,,Plate Number,,,,,White,kh24,,,
11945540,13800,Lorries, Vans & Tractors,,Phnom Penh,,,,,,,,,,,kh24,,,
11832055,1,Parts & Accessories,,Phnom Penh,,,,,,,,,,,kh24,,,
11959889,850,Motorcycles For Sale,,Phnom Penh,,,,,Plate Number,,,,,Red,kh24,,,
11883547,24800,Cars for Sale,sale,Phnom Penh,,Mercedes-Benz,ML350,2012,Plate Number,,SUV,Petrol,Auto,White,kh24,,,
11799303,2400,Cars for Sale,sale,Banteay Meanchey,,Nissan,March,1997,Plate Number,,Hatchback,Petrol,Auto,Silver,kh24,,,
11504254,35,Parts & Accessories,,Phnom Penh,,,,,,,,,,,kh24,,,
11841163,40900,Cars for Sale,sale,Phnom Penh,,CHANGAN,UNI-T,2024,Tax Paper,,SUV,Petrol,Auto,Gray,kh24,,,
11841160,33900,Cars for Sale,sale,Phnom Penh,,CHANGAN,CS55 PLUS,2024,Tax Paper,,SUV,Petrol,Auto,Black,kh24,,,
11959885,13500,Parts & Accessories,,Phnom Penh,,,,,,,,,,,kh24,,,
11792080,21500,Cars for Sale,sale,Phnom Penh,,Lexus,LX470,2004,Plate Number,,SUV,Petrol,Auto,White,kh24,,,
11578666,34500,Cars for Sale,sale,Phnom Penh,,Kia,Carnival,2020,Plate Number,,MPV (Minivan),Petrol,Auto,White,kh24,,,
11719706,20000,Cars for Sale,sale,Phnom Penh,,Lexus,LX470,2003,Plate Number,,SUV,Petrol,Auto,White,kh24,,,
11890162,56000,Cars for Sale,sale,Phnom Penh,,Land Rover,Range Rover Vogue,2016,Plate Number,,SUV,Diesel,Auto,White,kh24,,,
11888419,34000,Cars for Sale,sale,Phnom Penh,,Lexus,RX350,2010,Plate Number,,SUV,Petrol,Auto,Black,kh24,,,
11912482,64000,Cars for Sale,sale,Phnom Penh,,Jeep,Rubicon,2020,Plate Number,,SUV,Petrol,Auto,Black,kh24,,,
11662073,56000,Cars for Sale,sale,Phnom Penh,,Toyota,Land Cruiser,2012,Plate Number,,SUV,Petrol,Auto,White,kh24,,,
11919941,92000,Cars for Sale,sale,Phnom Penh,,Toyota,Alphard,2018,Plate Number,,MPV (Minivan),Petrol,Auto,Black,kh24,,,
11877884,72000,Cars for Sale,sale,Phnom Penh,,Lexus,LX570,2014,Plate Number,,SUV,Petrol,Auto,Black,kh24,,,
11959883,1850,Motorcycles For Sale,,Phnom Penh,,,,,Plate Number,,,,,Other,kh24,,,
11609399,3100,Cars for Sale,sale,Kandal,,Toyota,Corolla,1997,Plate Number,,Sedan,Petrol,Auto,Black,kh24,,,
11874049,1950,Motorcycles For Sale,,Phnom Penh,,,,,Plate Number,,,,,Black,kh24,,,
11709191,16800,Cars for Sale,sale,Phnom Penh,,Hyundai,Starex,2013,Tax Paper,,Other,Diesel,Auto,Black,kh24,,,
11959877,65,Parts & Accessories,,Siem Reap,,,,,,,,,,,kh24,,,
11936509,37800,Cars for Sale,sale,Phnom Penh,,Lexus,NX,2015,Tax Paper,,SUV,Electric,Auto,Brown,kh24,,,
11959876,3060,Motorcycles For Sale,,Phnom Penh,,,,,Plate Number,,,,,Other,kh24,,,
11769843,750,Motorcycles For Sale,,Phnom Penh,,,,,Tax Paper,,,,,Black,kh24,,,
11812778,5445,Cars for Sale,sale,Phnom Penh,,Honda,Accord,2003,Plate Number,,Sedan,Petrol,Auto,Silver,kh24,,,
11861942,2600,Motorcycles For Sale,,Phnom Penh,,,,,Tax Paper,,,,,Red,kh24,,,
11916540,2000,Motorcycles For Sale,,Phnom Penh,,,,,Tax Paper,,,,,Black,kh24,,,
11802133,17500,Cars for Sale,sale,Phnom Penh,,Toyota,Prius,2011,Plate Number,,,,,White,kh24,,,
11959869,1850,Motorcycles For Sale,,Phnom Penh,,,,,Plate Number,,,,,White,kh24,,,
11959867,890,Motorcycles For Sale,,Phnom Penh,,,,,Plate Number,,,,,Black,kh24,,,
11837894,12650,Cars for Sale,sale,Phnom Penh,,Toyota,Prius,2008,Plate Number,,Sedan,Hybrid,Auto,White,kh24,,,
11499974,30,Vehicles For Rent,,Phnom Penh,,,,,,,,Hybrid,Auto,,kh24,,,
11922400,18800,Cars for Sale,sale,Phnom Penh,,Toyota,Prius,2012,Plate Number,,Other,Hybrid,Auto,White,kh24,,,
11953546,1050,Motorcycles For Sale,,Phnom Penh,,,,,Plate Number,,,,,Black,kh24,,,
11894560,35500,Cars for Sale,sale,Phnom Penh,,Lexus,NX,2016,Tax Paper,,SUV,Petrol,Auto,Gray,kh24,,,
11931342,31000,Cars for Sale,sale,Kandal,,Kia,Grand Carnival,2019,Plate Number,,MPV (Minivan),Petrol,Auto,Black,kh24,,,
11959865,119500,Cars for Sale,sale,Phnom Penh,,Toyota,Alphard,2020,Plate Number,,MPV (Minivan),Petrol,Auto,White,kh24,,,
11959864,24888,Cars for Sale,sale,Phnom Penh,,Toyota,Alphard,2012,Tax Paper,,MPV (Minivan),Petrol,Auto,Blue,kh24,,,
11959862,2380,Motorcycles For Sale,,Phnom Penh,,,,,Plate Number,,,,,White,kh24,,,
11891794,6900,Cars for Sale,sale,Preah Sihanouk,,Lexus,RX300,1999,Plate Number,,SUV,Petrol,Auto,Black,kh24,,,
11913607,45,Parts & Accessories,,Phnom Penh,,,,,,,,,,,kh24,,,
11929694,220,Parts & Accessories,,Phnom Penh,,,,,,,,,,,kh24,,,
11952518,23,Parts & Accessories,,Phnom Penh,,,,,,,,,,,kh24,,,
11959859,8950,Cars for Sale,sale,Phnom Penh,,Kia,Ray,2012,Tax Paper,,Sedan,Petrol,Auto,Blue,kh24,,,
11959858,34500,Cars for Sale,sale,Phnom Penh,,Toyota,Tacoma,2017,Plate Number,,Pickup,,,White,kh24,,,
11379857,20,Parts & Accessories,,Kandal,,,,,,,,,,,kh24,,,
11664034,410,Parts & Accessories,,Phnom Penh,,,,,,,,,,,kh24,,,
11829957,179000,Cars for Sale,sale,Phnom Penh,,Cadillac,Escalade,2022,Plate Number,,SUV,Petrol,Auto,Black,kh24,,,
11550631,5500,Cars for Sale,sale,Phnom Penh,,Toyota,RAV4,1997,Plate Number,,SUV,Petrol,Auto,Silver,kh24,,,
11952254,18500,Cars for Sale,sale,Phnom Penh,,SsangYong,Rexton,2019,Plate Number,,Pickup,Diesel,Auto,Black,kh24,,,
11952267,42900,Cars for Sale,sale,Phnom Penh,,Kia,Carnival,2021,Tax Paper,,SUV,Diesel,Auto,Black,kh24,,,
11952276,23900,Cars for Sale,sale,Phnom Penh,,Kia,Carnival,2018,Tax Paper,,SUV,Diesel,Auto,Gray,kh24,,,
11952301,21300,Cars for Sale,sale,Phnom Penh,,Kia,Carnival,2016,Tax Paper,,SUV,Diesel,Auto,Black,kh24,,,
11952307,9800,Cars for Sale,sale,Phnom Penh,,Kia,Ray,2012,Tax Paper,,Sedan,Petrol,Auto,Black,kh24,,,
11952316,15500,Cars for Sale,sale,Phnom Penh,,SsangYong,Korando,2012,Tax Paper,,Pickup,Diesel,Auto,Red,kh24,,,
11952319,27500,Cars for Sale,sale,Phnom Penh,,SsangYong,Rexton,2023,Tax Paper,,Pickup,Diesel,Auto,Gray,kh24,,,
11952323,22200,Cars for Sale,sale,Phnom Penh,,Kia,Carnival,2015,Tax Paper,,SUV,Diesel,Auto,Black,kh24,,,
11952331,22300,Cars for Sale,sale,Phnom Penh,,SsangYong,Rexton,2018,Tax Paper,,Pickup,Diesel,Auto,Gray,kh24,,,
11949827,52168,Cars for Sale,sale,Battambang,,Ford,F-150 Raptor,2017,Plate Number,,Pickup,Petrol,Auto,White,kh24,,,
11883249,780,Motorcycles For Sale,,Phnom Penh,,,,,Plate Number,,,,,Other,kh24,,,
11478127,19998,Cars for Sale,sale,Battambang,,Toyota,Prius,2012,Tax Paper,,Hatchback,Hybrid,Auto,White,kh24,,,
11551829,498,Vehicles For Rent,,Phnom Penh,,,,,,,,Petrol,Auto,,kh24,,,
11669175,230000,Cars for Sale,sale,Phnom Penh,,Toyota,Coaster,2023,Plate Number,,Other,Petrol,,Black,kh24,,,
11935558,9700,Cars for Sale,sale,Phnom Penh,,Toyota,Tacoma,2002,Plate Number,,Pickup,Petrol,Auto,Silver,kh24,,,
11820001,120000,Cars for Sale,sale,Phnom Penh,,Toyota,Alphard,2020,Plate Number,,MPV (Minivan),Hybrid,Auto,Black,kh24,,,
11899828,24800,Cars for Sale,sale,Phnom Penh,,Toyota,Tacoma,2012,Tax Paper,,Pickup,Petrol,Auto,White,kh24,,,
11642893,3300,Motorcycles For Sale,,Phnom Penh,,,,,Tax Paper,,,,,Black,kh24,,,
11860982,20,Vehicles For Rent,,Phnom Penh,,,,,,,,Diesel,,,kh24,,,
11725567,502,Vehicles For Rent,,Phnom Penh,,,,,,,,,,,kh24,,,
11405206,40,Vehicles For Rent,,Phnom Penh,,,,,,,,Diesel,Manual,,kh24,,,
11375756,16500,Cars for Sale,sale,Phnom Penh,,Toyota,Tacoma,2006,Tax Paper,,,,Auto,Silver,kh24,,,
11788171,218000,Cars for Sale,sale,Phnom Penh,,Lexus,LX600,2022,Plate Number,,SUV,Petrol,Auto,Black,kh24,,,
11583166,12500,Cars for Sale,sale,Tboung Khmum,,Hyundai,Truck,2005,Tax Paper,,,,Manual,White,kh24,,,
11826195,47500,Cars for Sale,sale,Phnom Penh,,Lexus,NX,2018,Tax Paper,,SUV,Petrol,Auto,White,kh24,,,
11883767,123000,Cars for Sale,sale,Phnom Penh,,Renault,Other,2021,Plate Number,,Pickup,Petrol,Auto,Gray,kh24,,,
11876405,17350,Cars for Sale,sale,Phnom Penh,,Toyota,Highlander,2005,Plate Number,,,Petrol,Auto,Silver,kh24,,,
11930347,8500,Cars for Sale,sale,Phnom Penh,,Audi,Q7,2007,Plate Number,,SUV,Petrol,Auto,White,kh24,,,
11917375,175,Parts & Accessories,,Phnom Penh,,,,,,,,,,,kh24,,,
11906270,7500,Cars for Sale,sale,Phnom Penh,,Toyota,Prius,2004,Plate Number,,Sedan,Hybrid,Auto,Silver,kh24,,,
11895132,2500,Maintenance & Repair,,Preah Sihanouk,,,,,,,,,,,kh24,,,
11895123,4900,Maintenance & Repair,,Preah Sihanouk,,,,,,,,,,,kh24,,,
11742684,32500,Cars for Sale,sale,Phnom Penh,,Mazda,Mazda6,2020,Plate Number,,Sedan,Petrol,Auto,White,kh24,,,
11931644,31800,Cars for Sale,sale,Phnom Penh,,SsangYong,Rexton,2020,Plate Number,,SUV,Diesel,Auto,Blue,kh24,,,
11959851,26000,Cars for Sale,sale,Phnom Penh,,Mazda,BT50,2020,Plate Number,,Pickup,Diesel,Auto,White,kh24,,,
11959849,11800,Cars for Sale,sale,Phnom Penh,,Nissan,Frontier,2007,Plate Number,,Pickup,LPG,Auto,White,kh24,,,
11554222,700,Parts & Accessories,,Phnom Penh,,,,,,,,,,,kh24,,,
11554225,500,Parts & Accessories,,Phnom Penh,,,,,,,,,,,kh24,,,
11554221,1000,Parts & Accessories,,Phnom Penh,,,,,,,,,,,kh24,,,
11554227,1000,Parts & Accessories,,Phnom Penh,,,,,,,,,,,kh24,,,
11832460,22500,Cars for Sale,sale,Phnom Penh,,Toyota,Prius,2012,Tax Paper,,Hatchback,Hybrid,Auto,White,kh24,,,
11951343,550,Tuk Tuk & Remork,,Phnom Penh,,,,,,,,,,,kh24,,,
11951355,290,Tuk Tuk & Remork,,Phnom Penh,,,,,,,,,,,kh24,,,
11951496,490,Tuk Tuk & Remork,,Phnom Penh,,,,,,,,,,,kh24,,,
11959846,12900,Cars for Sale,sale,Phnom Penh,,Toyota,Prius,2009,Tax Paper,,Sedan,Petrol,Auto,Silver,kh24,,,
11959845,16500,Cars for Sale,sale,Phnom Penh,,Toyota,Highlander,2004,Plate Number,,SUV,Petrol,Auto,Gold,kh24,,,
11959844,1750,Cars for Sale,sale,Phnom Penh,,Mazda,RX-8,2010,Tax Paper,,,Petrol,Auto,Gray,kh24,,,
11959843,16800,Cars for Sale,sale,Phnom Penh,,Toyota,Prius,2010,Plate Number,,Sedan,Petrol,Auto,White,kh24,,,
11860411,49999,Cars for Sale,sale,Phnom Penh,,Lexus,UX,2019,Plate Number,,SUV,Hybrid,,Blue,kh24,,,
11896982,650,Motorcycles For Sale,,Phnom Penh,,,,,Plate Number,,,,,Red,kh24,,,
11959842,5800,Cars for Sale,sale,Phnom Penh,,Kia,Morning,2008,Plate Number,,Sedan,Petrol,Auto,Blue,kh24,,,
11959841,19900,Cars for Sale,sale,Phnom Penh,,Nissan,X-TRAIL,2019,Plate Number,,,Petrol,Auto,Brown,kh24,,,
11959839,7900,Cars for Sale,sale,Phnom Penh,,Toyota,Corolla,2003,Plate Number,,Station Wagon,Petrol,Auto,Silver,kh24,,,
11959838,38500,Cars for Sale,sale,Phnom Penh,,Toyota,Hilux Rally,2019,Plate Number,,Pickup,Diesel,Auto,White,kh24,,,
11361862,10000,Cars for Sale,sale,Phnom Penh,,Kia,Ray,2012,Tax Paper,,SUV,Petrol,Auto,Gold,kh24,,,
11399902,40,Vehicles For Rent,,Phnom Penh,,,,,,,,Diesel,Manual,,kh24,,,
11719316,41500,Cars for Sale,sale,Phnom Penh,,Ford,Ranger Raptor,2019,Plate Number,,Pickup,Diesel,Auto,White,kh24,,,
11783785,2890,Tuk Tuk & Remork,,Phnom Penh,,,,,,,,,,,kh24,,,
11959835,20500,Cars for Sale,sale,Phnom Penh,,Lexus,RX330,2004,Plate Number,,,,,Gold,kh24,,,
11959830,30000,Cars for Sale,sale,Phnom Penh,,Ford,Ranger Wildtrak,2017,Plate Number,,Pickup,Diesel,Auto,White,kh24,,,
11959829,5200,Cars for Sale,sale,Phnom Penh,,Toyota,Corolla,2001,Tax Paper,,,Petrol,Auto,Silver,kh24,,,
11952459,570,Motorcycles For Sale,,Phnom Penh,,,,,Plate Number,,,,,Silver,kh24,,,
11948058,680,Motorcycles For Sale,,Phnom Penh,,,,,Plate Number,,,,,Blue,kh24,,,
11959825,6500,Cars for Sale,sale,Phnom Penh,,Kia,Morning,2009,Plate Number,,Other,Petrol,Auto,Gray,kh24,,,
11959824,500,Lorries, Vans & Tractors,,Phnom Penh,,,,,,,,,,,kh24,,,
11944014,500,Cars for Sale,sale,Kandal,,Toyota,Land Cruiser,1999,Plate Number,,SUV,Petrol,Auto,Black,kh24,,,
11677391,26500,Cars for Sale,sale,Phnom Penh,,Chevrolet,Colorado,2020,Plate Number,,Pickup,Diesel,Auto,White,kh24,,,
11959823,17800,Cars for Sale,sale,Phnom Penh,,Ford,Ecosport,2021,Plate Number,,SUV,Petrol,Auto,White,kh24,,,
11956100,9966,Cars for Sale,sale,Phnom Penh,,Hyundai,Starex,2008,Plate Number,,SUV,Diesel,Auto,Silver,kh24,,,
11955382,500,Lorries, Vans & Tractors,,Phnom Penh,,,,,,,,,,,kh24,,,
11883584,62800,Cars for Sale,sale,Phnom Penh,,Ford,Ranger Raptor,2023,Plate Number,,Pickup,Petrol,Auto,Gray,kh24,,,
11352875,500,Motorcycles For Sale,,Phnom Penh,,,,,Tax Paper,,,,,Gray,kh24,,,
11955419,501,Lorries, Vans & Tractors,,Phnom Penh,,,,,,,,,,,kh24,,,
11634060,1700,Motorcycles For Sale,,Phnom Penh,,,,,Plate Number,,,,,Brown,kh24,,,
11959819,36000,Cars for Sale,sale,Phnom Penh,,Toyota,BZ4x,2023,Plate Number,,SUV,Electric,Auto,White,kh24,,,
11955918,19399,Cars for Sale,sale,Phnom Penh,,Lexus,RX330,2004,Plate Number,,SUV,Petrol,Auto,White,kh24,,,
11959818,20500,Cars for Sale,sale,Phnom Penh,,Mazda,BT50,2015,Plate Number,,Pickup,Diesel,Auto,Gold,kh24,,,
11939467,19500,Cars for Sale,sale,Battambang,,Nissan,Navara,2017,Plate Number,,Pickup,Diesel,Auto,White,kh24,,,
11956392,20660,Cars for Sale,sale,Phnom Penh,,Lexus,GX,2004,Plate Number,,SUV,Petrol,Auto,White,kh24,,,
11876134,28800,Cars for Sale,sale,Phnom Penh,,Toyota,Alphard,2014,Tax Paper,,MPV (Minivan),,Auto,White,kh24,,,
11827236,16900,Cars for Sale,sale,Battambang,,Toyota,Hilux Vigo,2012,Plate Number,,Pickup,Diesel,Auto,Black,kh24,,,
11959817,30195,Cars for Sale,sale,Phnom Penh,,Toyota,Alphard,2021,Plate Number,,MPV (Minivan),,Auto,Black,kh24,,,
11959816,10500,Cars for Sale,sale,Phnom Penh,,Kia,Ray,2015,Plate Number,,Hatchback,Petrol,Auto,White,kh24,,,
11927775,14999,Cars for Sale,sale,Phnom Penh,,Lexus,LX470,2023,Plate Number,,SUV,LPG,Auto,Black,kh24,,,
11549128,22500,Cars for Sale,sale,Phnom Penh,,Lexus,HS,2010,Tax Paper,,Sedan,Hybrid,Auto,Silver,kh24,,,
11953546,1050,Motorcycles For Sale,,Phnom Penh,,,,,Plate Number,,,,,Black,kh24,,,
11935818,16850,Cars for Sale,sale,Phnom Penh,,Toyota,Prius,2010,Plate Number,,Hatchback,Hybrid,Auto,Gold,kh24,,,
11959815,7000,Cars for Sale,sale,Phnom Penh,,Kia,Morning,2011,Tax Paper,,Other,Petrol,Auto,Silver,kh24,,,
11452116,430,Vehicles For Rent,,Phnom Penh,,,,,,,,Petrol,Auto,,kh24,,,
11370652,450,Vehicles For Rent,,Phnom Penh,,,,,,,,Petrol,Auto,,kh24,,,
11774393,29600,Cars for Sale,sale,Phnom Penh,,Toyota,Highlander,2009,Tax Paper,,SUV,Hybrid,Auto,White,kh24,,,
11930613,13200,Cars for Sale,sale,Phnom Penh,,Kia,Morning,2017,Tax Paper,,,Petrol,Auto,White,kh24,,,
11876631,22900,Cars for Sale,sale,Phnom Penh,,Toyota,Raize,2023,Plate Number,,SUV,Petrol,Auto,White,kh24,,,
11715596,52000,Cars for Sale,sale,Phnom Penh,,Lexus,LX570,2008,Plate Number,,,,,Black,kh24,,,
11954862,7900,Cars for Sale,sale,Phnom Penh,,Toyota,Prius,2005,Plate Number,,,,,Blue,kh24,,,
11885088,24800,Cars for Sale,sale,Phnom Penh,,Lexus,RX330,2004,Plate Number,,SUV,Petrol,Auto,White,kh24,,,
11955115,17800,Cars for Sale,sale,Phnom Penh,,Toyota,Camry,2007,Plate Number,,Sedan,Petrol,Auto,White,kh24,,,
11705409,25000,Cars for Sale,sale,Phnom Penh,,Infiniti,QX80,2011,Plate Number,,SUV,Petrol,Auto,White,kh24,,,
11959811,7500,Cars for Sale,sale,Phnom Penh,,Toyota,Vitz,2009,Plate Number,,Hatchback,Petrol,Auto,Silver,kh24,,,
11844680,1500,Vehicles For Rent,,Phnom Penh,,,,,,,,Petrol,Auto,,kh24,,,
11420450,590,Motorcycles For Sale,,Phnom Penh,,,,,Tax Paper,,,,,Black,kh24,,,
11929504,28500,Cars for Sale,sale,Phnom Penh,,Ford,Territory,2021,Plate Number,,SUV,Petrol,Auto,White,kh24,,,
11590770,1100,Vehicles For Rent,,Phnom Penh,,,,,,,,Petrol,Auto,,kh24,,,
11542209,41000,Cars for Sale,sale,Phnom Penh,,Lexus,NX,2016,Tax Paper,,SUV,Petrol,Auto,White,kh24,,,
11801518,26700,Cars for Sale,sale,Phnom Penh,,Toyota,Alphard,2011,Tax Paper,,MPV (Minivan),Petrol,Auto,Black,kh24,,,
11769546,63900,Cars for Sale,sale,Phnom Penh,,Ford,Ranger Raptor,2023,Plate Number,,Pickup,Petrol,Auto,White,kh24,,,
11927777,2490,Motorcycles For Sale,,Phnom Penh,,,,,Plate Number,,,,,Blue,kh24,,,
11959810,18500,Cars for Sale,sale,Phnom Penh,,Ford,Ecosport,2022,Plate Number,,SUV,Petrol,Auto,White,kh24,,,
11959809,1650,Tuk Tuk & Remork,,Phnom Penh,,,,,,,,,,,kh24,,,
11819546,270000,Cars for Sale,sale,Phnom Penh,,BMW,Other,2023,Plate Number,,SUV,Petrol,Auto,White,kh24,,,
11959808,12300,Cars for Sale,sale,Phnom Penh,,Toyota,Prius,2009,Plate Number,,,,Auto,Green,kh24,,,
11628742,20800,Cars for Sale,sale,Phnom Penh,,Kia,Carnival,2015,Tax Paper,,MPV (Minivan),Diesel,Auto,Gray,kh24,,,
11580123,20200,Cars for Sale,sale,Phnom Penh,,Kia,Carnival,2015,Tax Paper,,MPV (Minivan),Diesel,Auto,Silver,kh24,,,
11312857,23500,Cars for Sale,sale,Phnom Penh,,Kia,Carnival,2016,Tax Paper,,MPV (Minivan),Diesel,Auto,White,kh24,,,
11947265,35000,Cars for Sale,sale,Phnom Penh,,Toyota,Hiace,2013,Plate Number,,MPV (Minivan),Petrol,Auto,White,kh24,,,
11870733,21800,Cars for Sale,sale,Phnom Penh,,SsangYong,Rexton,2018,Tax Paper,,Pickup,Diesel,Auto,White,kh24,,,
11592945,100,Vehicles For Rent,,Phnom Penh,,,,,,,,Diesel,Manual,,kh24,,,
11361799,46000,Cars for Sale,sale,Phnom Penh,,Toyota,Hiace,2017,Plate Number,,MPV (Minivan),Petrol,Auto,White,kh24,,,
11403789,245,Parts & Accessories,,Phnom Penh,,,,,,,,,,,kh24,,,
11573429,100,Vehicles For Rent,,Phnom Penh,,,,,,,,Petrol,Auto,,kh24,,,
11640008,20900,Cars for Sale,sale,Phnom Penh,,SsangYong,Rexton,2020,Tax Paper,,,Diesel,Auto,Black,kh24,,,
11952416,6800,Cars for Sale,sale,Phnom Penh,,Kia,Morning,2012,Plate Number,,Sedan,Petrol,Auto,Red,kh24,,,
11733822,21200,Cars for Sale,sale,Phnom Penh,,SsangYong,Rexton,2018,Tax Paper,,Pickup,Diesel,Auto,White,kh24,,,
11864005,21500,Cars for Sale,sale,Phnom Penh,,SsangYong,Rexton,2018,Tax Paper,,Pickup,Diesel,Auto,Red,kh24,,,
11868888,20500,Cars for Sale,sale,Phnom Penh,,Kia,Carnival,2015,Tax Paper,,MPV (Minivan),Diesel,Auto,Gray,kh24,,,
11870740,19900,Cars for Sale,sale,Phnom Penh,,SsangYong,Rexton,2018,Tax Paper,,Pickup,Diesel,Auto,Blue,kh24,,,
11551342,300,Parts & Accessories,,Phnom Penh,,,,,,,,,,,kh24,,,
11480850,17500,Cars for Sale,sale,Phnom Penh,,Mercedes-Benz,GL350,2007,Plate Number,,SUV,Diesel,Auto,White,kh24,,,
11897815,9550,Cars for Sale,sale,Phnom Penh,,Toyota,Prius,2006,Plate Number,,Sedan,Hybrid,Auto,Red,kh24,,,
11610849,17200,Cars for Sale,sale,Phnom Penh,,Toyota,Prius,2010,Tax Paper,,Sedan,Petrol,Auto,Gray,kh24,,,
11937080,14500,Cars for Sale,sale,Phnom Penh,,Toyota,Prius,2010,Plate Number,,Sedan,Petrol,Auto,Silver,kh24,,,
11959802,7500,Cars for Sale,sale,Phnom Penh,,Toyota,Hilux,2001,Plate Number,,Pickup,Diesel,Manual,Gold,kh24,,,
11959801,11700,Cars for Sale,sale,Phnom Penh,,Toyota,Prius,2008,Plate Number,,Sedan,Petrol,Auto,Silver,kh24,,,
11907874,63800,Cars for Sale,sale,Phnom Penh,,Ford,Ranger Raptor,2023,Plate Number,,Pickup,Petrol,Auto,Gray,kh24,,,
11898276,21900,Cars for Sale,sale,Phnom Penh,,Toyota,Raize,2022,Plate Number,,SUV,Petrol,Auto,White,kh24,,,
11920894,16800,Cars for Sale,sale,Phnom Penh,,Ford,Ecosport,2020,Plate Number,,SUV,Petrol,Auto,Gray,kh24,,,
11641401,21,Vehicles For Rent,,Phnom Penh,,,,,,,,Diesel,Manual,,kh24,,,
11690922,28800,Cars for Sale,sale,Phnom Penh,,Toyota,Alphard,2012,Tax Paper,,Other,Petrol,Auto,White,kh24,,,
11487545,1900,Parts & Accessories,,Phnom Penh,,,,,,,,,,,kh24,,,
11318222,139000,Cars for Sale,sale,Phnom Penh,,Maserati,Levante,2022,Plate Number,,SUV,Petrol,Auto,Blue,kh24,,,
11782128,36800,Cars for Sale,sale,Phnom Penh,,Ford,Territory,2023,Plate Number,,SUV,Petrol,Auto,Blue,kh24,,,
11883769,18300,Cars for Sale,sale,Phnom Penh,,Land Rover,Range Rover,2012,Plate Number,,SUV,Petrol,Auto,Black,kh24,,,
11959799,330,Motorcycles For Sale,,Phnom Penh,,,,,Plate Number,,,,,White,kh24,,,
11959798,17500,Cars for Sale,sale,Phnom Penh,,Ford,Ecosport,2019,Plate Number,,,,Auto,Red,kh24,,,
11922483,36900,Cars for Sale,sale,Phnom Penh,,Toyota,BZ4x,2023,Plate Number,,Sedan,Electric,Auto,White,kh24,,,
11673775,49500,Cars for Sale,sale,Phnom Penh,,Land Rover,Range Rover Evoque,2020,Plate Number,,,Petrol,Auto,Blue,kh24,,,
11434375,34500,Cars for Sale,sale,Phnom Penh,,BMW,520i,2012,Tax Paper,,,Petrol,Auto,White,kh24,,,
11443589,30500,Cars for Sale,sale,Phnom Penh,,Mercedes-Benz,E-Class,2014,Tax Paper,,Sedan,Petrol,Auto,White,kh24,,,
11450657,38500,Cars for Sale,sale,Phnom Penh,,Toyota,Vellfire,2010,Tax Paper,,Other,Petrol,Auto,Brown,kh24,,,
11584366,15300,Cars for Sale,sale,Phnom Penh,,BMW,X4,2011,Plate Number,,,Petrol,Auto,White,kh24,,,
